startdate,enddate,status,progress,durationinseconds,finished,recordeddate,responseid,externalreference,distributionchannel,userlanguage,prolific_pid,automation_specific,automation_good,automation_future,usedgpt_ever,usedgpt_job
2023-04-25 08:26:11,2023-04-25 08:26:33,0,100,22,1,2023-04-25 08:26:34,R_3NwkOGSAgHoJb8h,*******,anonymous,EN,e409cdce05fd4ef281f6d7500d9f270d3f832421785d398e3a47ea57f78871a0,2,5,5,1,2
2023-04-19 09:24:50,2023-04-19 09:25:15,0,100,24,1,2023-04-19 09:25:16,R_1Lh7EQsYOf6ive8,*******,anonymous,EN,011a99143c5e6b94624cd1848bcbff4cca4a7e422480028940af3a4c4523249d,1,1,2,1,2
2023-04-21 17:43:52,2023-04-21 17:44:19,0,100,27,1,2023-04-21 17:44:20,R_XNFpVHEr1YnGhAB,*******,anonymous,EN,39ee9ae598d1dfdb8ea392fc2cc841c3dc773aa7da7e5ee55627234ca74a3e6c,2,4,6,1,2
2023-04-19 23:48:36,2023-04-19 23:49:14,0,100,38,1,2023-04-19 23:49:15,R_3HHvwdhD0hWB4Qq,*******,anonymous,EN,e4341ba03207817cdca33c3d9e2ee2a8408af0b74172b096bfc7d5878f1e56eb,9,6,5,1,1
2023-04-19 11:47:13,2023-04-19 11:47:32,0,100,18,1,2023-04-19 11:47:32,R_2zMauchtop0JvzV,*******,anonymous,EN,3b671d59cbfa129c1f3b106adc8b85ae8f6fbf9e742f68f0410afbc51ff20592,5,2,2,1,2
2023-04-19 09:18:10,2023-04-19 09:18:50,0,100,40,1,2023-04-19 09:18:52,R_2floLgrrbfHCjm2,*******,anonymous,EN,826e626930aa5fe0ae5ff5bbcadb969f466e18cc61da700e20c319bf2fee1426,7,5,7,1,2
2023-04-26 17:54:42,2023-04-26 17:55:16,0,100,33,1,2023-04-26 17:55:16,R_1OpmINs9xEiD26A,*******,anonymous,EN,5c3622a0775013bdac430a10db0d8ca944ba04c493f376be97519bdca1ea9d3d,3,5,4,1,2
2023-04-19 09:23:53,2023-04-19 09:24:35,0,100,41,1,2023-04-19 09:24:36,R_2YnXb3PkzwLr9UL,*******,anonymous,EN,afa0d0e9e0b211b5b08cc6a2fd6d06345a9ada3f34c40cbdae6c9e3df4f0cf54,10,2,5,1,2
2023-04-19 10:45:34,2023-04-19 10:46:02,0,100,28,1,2023-04-19 10:46:03,R_ddofAOngCw6eis1,*******,anonymous,EN,24705314df07a05a48fe2263223a8cb4fd7e56da0b28ecf6152f842bd322cc46,1,10,3,1,2
2023-04-19 12:07:36,2023-04-19 12:08:30,0,100,54,1,2023-04-19 12:08:31,R_3j9BScyJp8aP5OC,*******,anonymous,EN,81dccdbd063bdded85678b4418ee417a7fc5ad0683723b506361191a22bcc30d,10,10,10,1,1
2023-04-19 09:33:59,2023-04-19 09:35:41,0,100,101,1,2023-04-19 09:35:41,R_1I5cIGjZdryNbaa,*******,anonymous,EN,8b602f52b355b59f0f54322c707245ce262eb1afa596e89525561177fc6c8f3d,9,7,9,1,2
2023-04-23 20:08:31,2023-04-23 20:09:17,0,100,46,1,2023-04-23 20:09:18,R_3nda8U2EqEgohPr,*******,anonymous,EN,255a9a6b65c3ad22a7c1c063ebab8bdf9c03a9cacaac54e788c13babc656df0b,3,7,8,1,2
2023-04-19 09:18:37,2023-04-19 09:18:57,0,100,20,1,2023-04-19 09:18:58,R_3nHJ6DrEF8ytyYi,*******,anonymous,EN,ee7c07768f61852b1e6aa3850487ea901d42ec05de647f8092745730495acbb4,1,10,10,1,2
2023-04-19 09:31:11,2023-04-19 09:31:38,0,100,26,1,2023-04-19 09:31:39,R_2cuZcRVKEt38QxW,*******,anonymous,EN,33d085ecf1d8513d2734bb4c16b7318589fa651354baeb8bb27248d3fe216cb8,8,2,2,1,2
2023-04-19 09:42:06,2023-04-19 09:43:01,0,100,54,1,2023-04-19 09:43:02,R_ZIyPO7OcioJOgz7,*******,anonymous,EN,bf752effba0f5443cb9452cdfee0ba4887dad66b80a2b9a89963a382696dc05b,1,5,6,1,1
2023-04-19 11:25:49,2023-04-19 11:27:08,0,100,79,1,2023-04-19 11:27:09,R_9pMgB0LQ539rMxH,*******,anonymous,EN,240d50d7dfbf08915c597173c61c1b7a6616d4c021248707b5ae80e02aa425fe,7,4,6,1,1
2023-04-19 14:45:21,2023-04-19 14:46:03,0,100,42,1,2023-04-19 14:46:04,R_1QzSDTWV91XlU6i,*******,anonymous,EN,67b2722e05f2ddeb8590c782674d872394e2bb7fbdd2a3adb73b40e43ea855d6,8,5,3,1,2
2023-04-19 09:18:08,2023-04-19 09:18:26,0,100,17,1,2023-04-19 09:18:27,R_115RtJZUdzTGWmR,*******,anonymous,EN,85d41f8d19581e0a831784d3cc16d2b17bca06d1ddcbc5fab3a6886b4eab0f1e,1,7,8,1,2
2023-04-20 09:11:53,2023-04-20 09:12:33,0,100,39,1,2023-04-20 09:12:33,R_uxp1uIh2hW3XmAp,*******,anonymous,EN,7dd84051685ca8f70b301bd03c8dc2d40c6acfcb326fe3440597876df5dce587,3,10,10,2,2
2023-04-19 10:06:37,2023-04-19 10:07:10,0,100,32,1,2023-04-19 10:07:10,R_3qO3xwutoLzmoNz,*******,anonymous,EN,9992665ba5dd33eb6a2afb69860287e681d6b064b0d7b4fd742c5b6b8988a79e,6,7,4,1,1
2023-04-19 10:20:49,2023-04-19 10:21:20,0,100,30,1,2023-04-19 10:21:21,R_323DTZHtMUxcScC,*******,anonymous,EN,dfd9a3fca47411064b717169fcdccf04e3aa5bda0870cd8aba70845c9d09cd62,1,7,8,1,2
2023-04-19 09:19:04,2023-04-19 09:25:32,0,100,388,1,2023-04-19 09:25:33,R_2CHuSPabmpFX8AG,*******,anonymous,EN,86efe22d888009440e972da404b74c4292c7ec61c45be8d3b106f01e4a603eb6,2,1,10,1,1
2023-04-19 21:10:32,2023-04-19 21:11:42,0,100,70,1,2023-04-19 21:11:42,R_3lzvi3rrahn05y3,*******,anonymous,EN,4e7d5b0e2c85db2380f769a72b5fa66f1819baa81ac054242c32b8a23e71492c,5,6,6,1,2
2023-04-20 07:48:32,2023-04-20 07:49:17,0,100,44,1,2023-04-20 07:49:18,R_2PtLf8XIbmWGrUS,*******,anonymous,EN,fcc0f7035a4098695411fc5f3b491c6c20a8dd3cbcca077cac9cd192ff472281,4,6,5,2,2
2023-04-19 09:33:27,2023-04-19 09:33:53,0,100,26,1,2023-04-19 09:33:54,R_31N2bU7I8c2Cwet,*******,anonymous,EN,d79bab71bec056a2c0ffccdc2c82cfd7090eb0a6cb58e055bbdd89d5a327b35c,1,6,6,1,1
2023-04-19 12:24:58,2023-04-19 12:25:56,0,100,57,1,2023-04-19 12:25:56,R_yCIOoE0mWHTz73P,*******,anonymous,EN,6d97fcb80f923110517024be9db307c8072de37a108ec3ac8ac0e23a543098be,6,5,5,1,2
2023-04-19 23:27:39,2023-04-19 23:27:55,0,100,15,1,2023-04-19 23:27:55,R_OB7uDyaGlOIZIsN,*******,anonymous,EN,0cd5b9e0910dc72d934d6584d81ad7ba7be1b38c5f049bc422dc493a6a7aecc0,1,8,8,1,2
2023-04-19 15:25:03,2023-04-19 15:25:19,0,100,15,1,2023-04-19 15:25:19,R_2yrRwmxuxaV3h9b,*******,anonymous,EN,375e92bf1ff2df2a33756560472e2f8dd15e539b81c9ea1406a3f46d4d2186f4,7,10,9,1,1
2023-04-22 17:53:52,2023-04-22 17:54:20,0,100,27,1,2023-04-22 17:54:20,R_3qsQHh742uGO9YD,*******,anonymous,EN,89fc1f086008b8b7509e1998c47da2d704d4755edfeda7ed8e7cbaeba328462b,3,7,4,1,2
2023-04-19 09:31:23,2023-04-19 09:31:50,0,100,27,1,2023-04-19 09:31:51,R_2rI5Z43P7gezH07,*******,anonymous,EN,9e072e12a78f9c971381ddf477034060c61c10b42cbb55d2830df19dea336d8d,2,3,6,1,2
2023-04-19 09:32:57,2023-04-19 09:33:30,0,100,32,1,2023-04-19 09:33:32,R_W0StaNOaearg0Br,*******,anonymous,EN,1a94ca9aeaa7bfcebf2f1688fee0989010e752c7accf16418cd68f2bd5b502c5,5,7,7,1,1
2023-04-19 09:17:40,2023-04-19 09:18:05,0,100,24,1,2023-04-19 09:18:05,R_3eeEEG5wBDQDJCW,*******,anonymous,EN,4fd24e35e80a107a84f80c2bb1b41d2be9dcc76e15d2ab8937713e4cc79bd716,4,3,8,1,2
2023-04-20 03:54:25,2023-04-20 03:55:10,0,100,44,1,2023-04-20 03:55:10,R_3MuspFzjpUY8GiB,*******,anonymous,EN,256a93c634a183da7748803c60463ddd3459368a860021c516a0171d964388c4,1,6,7,1,2
2023-04-19 22:43:59,2023-04-19 22:44:26,0,100,27,1,2023-04-19 22:44:27,R_24ucQup1j6GkkjM,*******,anonymous,EN,d50904b82852c1ddfdfe2880e2fa86461839136ce60b0689e9beb1d517ae862b,6,9,9,1,2
2023-04-23 05:53:45,2023-04-23 05:54:40,0,100,54,1,2023-04-23 05:54:40,R_A7I8hCw9CAGWBj3,*******,anonymous,EN,f52e18e2898ce9a2b889f1a25725d86ea68d931d27a050cf469c68e35ed678fc,5,4,4,1,2
2023-04-19 21:29:12,2023-04-19 21:29:35,0,100,23,1,2023-04-19 21:29:36,R_ALqQCXiK2s7jm9z,*******,anonymous,EN,9541982de5e3334360b830328915aa012626978a8b019689acbb24d81220376e,1,2,2,1,2
2023-04-19 09:21:02,2023-04-19 09:21:59,0,100,57,1,2023-04-19 09:22:00,R_8Bvr022vfVJF53b,*******,anonymous,EN,a03e0c86dae2d3610170a8672335f644c67a191601d133fca72f3b9683d8c9df,8,5,3,1,2
2023-04-27 14:50:22,2023-04-27 14:50:41,0,100,18,1,2023-04-27 14:50:42,R_2t6bqGHU5WfRC9g,*******,anonymous,EN,116eb3c6f4eac9ba134c67127f953f3e405dbe4ad2ae58fb5528d266daab666f,3,10,10,1,2
2023-04-19 10:37:31,2023-04-19 10:37:59,0,100,28,1,2023-04-19 10:38:00,R_Rh8v1NDYM1IhBfP,*******,anonymous,EN,30d9b79c571ffbfae4a529b55c2a6311f677c1649299b0363db54a154d8c3efd,1,7,6,2,2
2023-04-21 09:37:28,2023-04-21 09:37:53,0,100,25,1,2023-04-21 09:37:54,R_ROeJRQoTvDovpdf,*******,anonymous,EN,98b218d6cefa8ea71a1b7e7f9ce16a59fb6e8a8602132161be4a1190ad311fea,10,2,1,1,2
2023-04-19 09:18:25,2023-04-19 09:18:44,0,100,18,1,2023-04-19 09:18:44,R_1d6pYsY5JRLNpbd,*******,anonymous,EN,50117b6fedb39d84b4c08b6892e12914aab93d7763299dafb34f29bf5cc8a236,3,8,6,1,2
2023-04-19 11:02:34,2023-04-19 11:03:06,0,100,32,1,2023-04-19 11:03:08,R_3PTxdR3C8ccU3pG,*******,anonymous,EN,ddb91d8138817cf67afc62ec824b6a462df665b2e03b6cae5cc3a7912568cc31,4,8,7,1,2
2023-04-19 09:35:05,2023-04-19 09:35:55,0,100,49,1,2023-04-19 09:35:56,R_26an41gp2dEMbgC,*******,anonymous,EN,560d5f98c8a4571ce24686d69406aecb9516604122cad301be9fe68288d0be9b,4,7,4,1,2
2023-04-19 09:18:33,2023-04-19 09:18:51,0,100,18,1,2023-04-19 09:18:52,R_1GBpUNZdjw8apTX,*******,anonymous,EN,33dc2c61d05f7095afdbe56c3b9b2d702748814931e18ad6c623197280b29ece,5,7,6,2,2
2023-04-19 09:18:34,2023-04-19 09:19:10,0,100,36,1,2023-04-19 09:19:11,R_10vFH26orCrpiSR,*******,anonymous,EN,de41fd07c23b5903ea12c3bf1a006431e4e10382ffc19f204a1c7cfaf2003936,7,6,7,1,1
2023-04-19 14:30:28,2023-04-19 14:30:42,0,100,13,1,2023-04-19 14:30:42,R_2v0TzDDAToJk5d5,*******,anonymous,EN,681e72c6d6311369f801e285ef13929b44f5b79f2b834caa3359446c360cc04f,4,3,5,1,1
2023-04-19 09:18:00,2023-04-19 09:18:36,0,100,35,1,2023-04-19 09:18:37,R_yrtWJ0LXqD6Ula1,*******,anonymous,EN,0f49d4577462fa9c23de5761aea6c1c8213734e460f7c8fbd04fde50ab688e3b,6,8,5,1,2
2023-04-28 09:15:39,2023-04-28 09:16:24,0,100,45,1,2023-04-28 09:16:25,R_21ofEigJKaCqXrT,*******,anonymous,EN,15abf08cc1413d93298f49e83f26d897457883b38166e6da33622a53ca9fecc7,1,2,2,1,2
2023-04-19 10:52:17,2023-04-19 10:52:44,0,100,26,1,2023-04-19 10:52:45,R_BzazFesgenZITYd,*******,anonymous,EN,70f2489a39f51d24247f75db318ee111d91a2f305e2a1fa008d1ac325bea2c69,7,8,6,1,2
2023-04-19 19:33:51,2023-04-19 19:34:13,0,100,21,1,2023-04-19 19:34:13,R_3G7Xbop3UNg2vXW,*******,anonymous,EN,5256b1d944e7bdad3088010814f4f1d0b174b4dbcb56d449e705060fa02d0cab,2,6,6,2,2
2023-04-19 11:17:43,2023-04-19 11:18:56,0,100,73,1,2023-04-19 11:18:57,R_301MHQaJOI8L3h9,*******,anonymous,EN,d31dbf37b2ff6e194ff1d4d5761403bc2804eb72a9cc343a9d9f013642019aa6,2,4,6,1,2
2023-04-19 09:22:54,2023-04-19 09:26:27,0,100,212,1,2023-04-19 09:26:28,R_1FCYjzqPLBH47AH,*******,anonymous,EN,8d808789ac46b63d17f7ba7e0d02e3995a5d5884f66747f3a99febbc5fe821de,7,6,7,1,1
2023-04-19 09:58:37,2023-04-19 09:59:36,0,100,59,1,2023-04-19 09:59:36,R_3ma9VAZnXAKFH89,*******,anonymous,EN,5a71b75b52c0bd7e458785655b5427470bc74b74186de7b36cad6998eeabbe78,3,7,7,1,2
2023-04-20 15:00:24,2023-04-20 15:00:49,0,100,24,1,2023-04-20 15:00:49,R_2yphYwvmoctMsSt,*******,anonymous,EN,e5d99c65519cb12311717c8b2ce24f0e1357700deccf67a64bf6b20af8e01f4e,3,4,4,1,2
2023-04-19 11:03:56,2023-04-19 11:04:22,0,100,26,1,2023-04-19 11:04:23,R_yXig4ICpV0quWpr,*******,anonymous,EN,ab9d1f48de91b08824b55a3b070b9a4347c4d4e27c750649cc089657fdf1ab31,8,5,7,1,2
2023-04-19 09:19:28,2023-04-19 09:19:53,0,100,24,1,2023-04-19 09:19:54,R_1i979s1H6fZLZlV,*******,anonymous,EN,85837fb9048c10115b3e5c0be1ae1277e04d452641cfac0a46bfbac2b406c4bd,8,5,3,1,2
2023-04-19 11:57:28,2023-04-19 11:57:51,0,100,23,1,2023-04-19 11:57:52,R_2sRvObSd3gCXBhN,*******,anonymous,EN,2014edb1e8f1999ccc509a20fd85d150a53d0a62fbe63fd42f170d4d224b797d,1,4,3,1,1
2023-04-19 11:58:21,2023-04-19 11:58:52,0,100,30,1,2023-04-19 11:58:52,R_27kdi7r3ozbngbB,*******,anonymous,EN,178b16ec4a773081942e1db7400a4b9f4adc16cdec4424bb27e2884c813a8302,1,6,6,2,2
2023-04-19 18:02:15,2023-04-19 18:02:40,0,100,25,1,2023-04-19 18:02:41,R_PRkL2i1rqz6NseR,*******,anonymous,EN,2adbc2dfc87163aed1ae4bce4213461c5f11cb49c077e83f54af945a76ba2d92,7,4,6,1,2
2023-04-19 11:22:32,2023-04-19 11:23:09,0,100,36,1,2023-04-19 11:23:10,R_1psQMPaGlw9YL4E,*******,anonymous,EN,1a4dbc56e0a5767c5731699ffede2b5861c76c8b4d87b9a6ff713c775449e33c,5,5,5,1,2
2023-04-21 13:51:27,2023-04-21 13:51:56,0,100,29,1,2023-04-21 13:51:57,R_BPT1INzjRjKyZm9,*******,anonymous,EN,a4fa061f174b79bb842d9493a076faac424e000c0c963b2f2eee75f092d7b35e,1,5,6,1,2
2023-04-19 14:14:07,2023-04-19 14:14:55,0,100,48,1,2023-04-19 14:14:56,R_3szY7M68gUH4ZRn,*******,anonymous,EN,c9438db9d28b6e5bd5e2a7dace27d34c8bab36d0ff0718be7b0da7e0c0b2717c,7,9,10,1,2
2023-04-19 09:19:22,2023-04-19 09:19:41,0,100,18,1,2023-04-19 09:19:41,R_1Nw6znawAn26mU5,*******,anonymous,EN,3aa341cb3a10f3f0b5b469bb513b4aecd6cc207d6958eda59ae4ccd743d8bd38,1,5,9,1,2
2023-04-20 08:17:56,2023-04-20 08:18:26,0,100,29,1,2023-04-20 08:18:27,R_DoA1qFq2NBZJmBH,*******,anonymous,EN,189869f03a2064be9d3304dd85f89700b99d41905b7f51a889fbf8967c68ad16,6,3,3,1,2
2023-04-19 09:26:17,2023-04-19 09:27:26,0,100,69,1,2023-04-19 09:27:27,R_22Yxs0JF4H8vUdT,*******,anonymous,EN,325ea4cb6d9496fcbb1a235c4a177a017f5cd80075b283846a954fe1b70b17c5,1,3,5,1,2
2023-04-21 09:39:31,2023-04-21 09:39:56,0,100,25,1,2023-04-21 09:39:57,R_3F4egrrdoYTmcH7,*******,anonymous,EN,39a140183975d336b29266bbc386c531f2e5812ce1930852f286184e71ddaa05,3,6,8,2,2
2023-04-20 18:19:08,2023-04-20 18:19:43,0,100,34,1,2023-04-20 18:19:44,R_DSLaWaxHtVTZkt3,*******,anonymous,EN,4b6901a1f60fffa18985018badfafe28d9f251a851bc30ac95ffad98aa6afecc,1,1,5,1,2
2023-04-19 16:02:28,2023-04-19 16:02:56,0,100,27,1,2023-04-19 16:02:57,R_2Epf6cBZL6oewFo,*******,anonymous,EN,08f76d2a25b7aaf8e295c211d461f485addeb73b4bc1e016e30477ddc966363e,5,1,10,2,2
2023-04-21 13:34:42,2023-04-21 13:35:03,0,100,21,1,2023-04-21 13:35:04,R_VJxGS0CqUZ8R357,*******,anonymous,EN,4b0a16b0dac16dc6bfb6e997e2c7ad3510d1e224c6cfce752c6ac483c3ea2076,1,4,7,1,2
2023-04-19 09:20:05,2023-04-19 09:20:26,0,100,21,1,2023-04-19 09:20:27,R_cXZq5WM1rxGDjUt,*******,anonymous,EN,f31b65c9ef3677b6ccc9f223f21ef4c2c31a0488a96982f72b5fa34bbc2edf1e,2,5,6,1,2
2023-04-20 09:08:58,2023-04-20 09:09:12,0,100,14,1,2023-04-20 09:09:13,R_3KBeyVz0HKRpuOj,*******,anonymous,EN,5b0f8245a01da50ea9afa12233127dc2a5c04dc37d57451f1df1995ccc853638,3,3,3,1,2
2023-04-19 15:03:27,2023-04-19 15:04:02,0,100,35,1,2023-04-19 15:04:03,R_3flvplq8SKJrA2o,*******,anonymous,EN,ada957512a68c746f2accd1b2512573fbb0d289a58f208f39b479dab43f11258,8,1,4,1,2
2023-04-19 11:59:47,2023-04-19 12:00:31,0,100,44,1,2023-04-19 12:00:32,R_2WOMMU06VeEvDCt,*******,anonymous,EN,c0a70a96868e00cfeea2f4b307810ca4c0c7363fd6a42fcb5b8e9e535e9779c4,1,1,3,1,2
2023-04-19 10:46:36,2023-04-19 10:47:00,0,100,24,1,2023-04-19 10:47:01,R_2UVC7npQVPhvrqZ,*******,anonymous,EN,c9593fcd9ced085e571117dc41bdb451e38b3e4561aed97b76e26f17c3469702,3,4,5,1,2
2023-04-19 18:10:53,2023-04-19 18:11:28,0,100,35,1,2023-04-19 18:11:28,R_1ewoeX6oRvsWFlS,*******,anonymous,EN,d5047e8615ea4ba9edfc6ddc3d49e263dc676a79e7016e681f570d9146a05788,4,7,7,2,2
2023-04-19 12:44:11,2023-04-19 12:44:59,0,100,48,1,2023-04-19 12:45:00,R_2fwJzat64WDtXuP,*******,anonymous,EN,44d78f7f57fbe9ade6bc65f18b49db950e556686914b2b8df022f4c3be285803,1,6,6,1,2
2023-04-19 11:14:05,2023-04-19 11:14:29,0,100,24,1,2023-04-19 11:14:30,R_XO4N01bnVPPBCHn,*******,anonymous,EN,ec810ba4733e8c8170ee18c9f5ff5ed1b90f699187be1d26736ae1b502ddd43c,6,5,6,1,1
2023-04-20 19:24:16,2023-04-20 19:25:18,0,100,61,1,2023-04-20 19:25:18,R_2tuibtogFWg48dy,*******,anonymous,EN,3828d7745c26b8db7a4febabdf49704bca26852d70c15ea299111ba730e6c580,1,1,5,2,2
2023-04-26 11:53:54,2023-04-26 11:54:32,0,100,38,1,2023-04-26 11:54:33,R_1kYSOi39Wva210w,*******,anonymous,EN,090908b9758d55f27cb259b72fce7917ba478d5a07b70c0fd9a98e778ad3aa23,1,8,10,1,1
2023-04-20 09:18:03,2023-04-20 09:18:44,0,100,41,1,2023-04-20 09:18:45,R_2AMBu018ko3nOMK,*******,anonymous,EN,564470411114823121ef0812dfca2537bb490d290b6dc436fa73b0d19945470a,10,3,2,1,2
2023-04-19 09:18:35,2023-04-19 09:19:09,0,100,34,1,2023-04-19 09:19:10,R_263AS6NBtaB2JqR,*******,anonymous,EN,6d6f55dea82199ee328964c762a064a24b41ffcacac1e2e7e9efcf064c9828e0,3,9,10,1,2
2023-04-19 09:18:32,2023-04-19 09:18:57,0,100,24,1,2023-04-19 09:18:58,R_2YkNqwdJYSe4mOX,*******,anonymous,EN,763ed439466b4217d22477b159613e5a2632e415b05b538405a9b0ab2e1f074c,1,1,4,1,2
2023-04-19 13:53:53,2023-04-19 13:54:31,0,100,38,1,2023-04-19 13:54:32,R_271BN5zMOGdkVe3,*******,anonymous,EN,65027f45b1bf2738194723822f03750906b61c3ba23927d383045aeb562f6b8b,3,1,2,1,2
2023-04-19 09:27:27,2023-04-19 09:28:00,0,100,33,1,2023-04-19 09:28:01,R_Tuq9xbIaIOV9nWh,*******,anonymous,EN,cf8b870ccef27604e15c12a13555452c8d0eee1ffb6cce4d7ff296e0b31bab7b,2,3,3,2,2
2023-04-19 09:30:22,2023-04-19 09:30:38,0,100,15,1,2023-04-19 09:30:39,R_3fkq5RzmvhoYYFO,*******,anonymous,EN,89b51d6bd91898c9822460a42cc8e9f393f1d1ee6acd32946bdf5065b57c1a57,1,7,6,1,2
2023-04-19 09:18:45,2023-04-19 09:19:43,0,100,57,1,2023-04-19 09:19:44,R_2c3z95AUnKVxIdz,*******,anonymous,EN,9c071d662d5cdf5ce02bc970a148ef6328f98a4183d7b651ffdbecb92be3b033,10,5,10,1,1
2023-04-24 08:35:01,2023-04-24 08:35:36,0,100,35,1,2023-04-24 08:35:38,R_2gjcDCL4vDNjDY5,*******,anonymous,EN,6757417ed17511581a3214f3ad9e62e4724b5cbfbb6e2e66f8609ed1e2422388,5,6,5,1,2
2023-04-25 22:07:09,2023-04-25 22:07:38,0,100,29,1,2023-04-25 22:07:39,R_2V9lQuOmvhiPHkM,*******,anonymous,EN,0590c44dee10ff5f99bd3bca8051fd81474e3349815d0419d9b66b168255346b,4,4,3,1,2
2023-04-19 10:57:39,2023-04-19 10:57:58,0,100,18,1,2023-04-19 10:57:58,R_eEdCLTw9oGoV0Hv,*******,anonymous,EN,91a54d1d16078e5eaef3a6d0517a871273beda4100673fed8b68f90c2b4ff0ee,10,1,1,1,2
2023-04-19 12:47:24,2023-04-19 12:50:28,0,100,184,1,2023-04-19 12:50:28,R_2UinrlNh4hNvQOC,*******,anonymous,EN,80eb518b2c60462b111584793ffc8751839b7012c5a2523caa66863b6b7b71ac,2,8,9,1,2
2023-04-19 16:50:39,2023-04-19 16:50:58,0,100,19,1,2023-04-19 16:50:58,R_sZpmEeAevdmizx7,*******,anonymous,EN,d740e91b0bfdcc9de2eaae04ca99a75a05f4474ec0c2a22e2b45a877286ee4bd,3,4,5,1,2
2023-04-19 16:11:50,2023-04-19 16:12:14,0,100,24,1,2023-04-19 16:12:15,R_1fklyNHBePO2kAk,*******,anonymous,EN,204b35f9398ad00faf3a221a925dbc8e02758fb6bc30e384d032e3d5f4ee7e94,2,9,9,1,1
2023-04-19 10:52:56,2023-04-19 10:56:59,0,100,242,1,2023-04-19 10:56:59,R_2uJv07At87qaVsn,*******,anonymous,EN,9210e357b9e238227aaa81017e16db7743b067e6163d6972ced547d23bce5f1c,3,8,9,1,1
2023-04-19 21:40:25,2023-04-19 21:41:03,0,100,37,1,2023-04-19 21:41:03,R_z8YqHeFsREdMrv3,*******,anonymous,EN,ff7013698161fe6bff4df8a4c33a95255ad7b28baf2c2e5d76e03f1516a02308,1,4,8,1,2
2023-04-19 10:31:38,2023-04-19 10:32:04,0,100,26,1,2023-04-19 10:32:05,R_37wlcpJh2E3H0DT,*******,anonymous,EN,ecc11f7b646eae465d7558c6091436ef054e050faa06bcde69389b7e9e5c2027,5,9,8,1,2
2023-04-19 11:37:23,2023-04-19 11:37:50,0,100,26,1,2023-04-19 11:37:50,R_brC3dCXDOPpTg3f,*******,anonymous,EN,fe17f005a22ba69cc2a38b2cee3bc92d821da8094b03d49d06aa5baffcd99ebb,8,2,2,2,2
2023-04-19 10:30:44,2023-04-19 10:31:10,0,100,25,1,2023-04-19 10:31:10,R_O9WA28qACqb146l,*******,anonymous,EN,fd921bb0c85f6630e90e7d1a94854bd3bda2afcd56e45f70152ab9d674c720a3,1,7,8,1,2
2023-04-19 09:41:24,2023-04-19 09:41:56,0,100,31,1,2023-04-19 09:41:56,R_vZeyTG0XUde6gE1,*******,anonymous,EN,62858591db8dd10e51f735fb0fdcde715561a10d3dcd46bc95e45eb5937fd550,1,10,10,1,1
2023-04-28 06:10:39,2023-04-28 06:10:57,0,100,17,1,2023-04-28 06:10:57,R_1fZNmGTGO9zKcrr,*******,anonymous,EN,90c7d9c080400bbc7a1a40e4587b07f6b99b9cc2ae69c8c0a0652ec1f40c7675,8,4,10,1,1
2023-04-19 15:12:15,2023-04-19 15:12:36,0,100,20,1,2023-04-19 15:12:36,R_3Pz8IDJgGtlfKkg,*******,anonymous,EN,3bb43288e5849fc4ae41b47623966806365527ad67c3732817d99a3c63284d37,3,3,2,2,2
2023-04-19 15:21:47,2023-04-19 15:22:24,0,100,36,1,2023-04-19 15:22:25,R_3kGKivjdCo95B3L,*******,anonymous,EN,2b916cee8dc08fb1337a4b1d27e7e239ccf440d657b22900cfbb755e74b8d411,5,7,8,1,2
2023-04-19 09:48:21,2023-04-19 09:48:53,0,100,31,1,2023-04-19 09:48:54,R_1rPmiIn7bTKd4vV,*******,anonymous,EN,f24b633dbbde79a39fb08d31dd2a4d3094fb729bab8cdf4c5d2960fa296d01f8,1,10,7,1,2
2023-04-19 09:36:06,2023-04-19 09:36:19,0,100,13,1,2023-04-19 09:36:21,R_3j9jUajhQaMfdnB,*******,anonymous,EN,032397822a1efba6a97062167e9dc6402dda6f0f7938616992f90cbae4757685,1,7,7,1,1
2023-04-19 09:33:51,2023-04-19 09:34:29,0,100,37,1,2023-04-19 09:34:30,R_1gd3WAcPARjlIql,*******,anonymous,EN,9f22821661927debee008e6ed796ee808f29bc5181d3c3efa88df8fa2f2eb294,2,7,8,1,2
2023-04-19 10:48:22,2023-04-19 10:48:35,0,100,13,1,2023-04-19 10:48:37,R_1rrAeuIBBn2azbE,*******,anonymous,EN,46c82db47b00d5927e08bb5659da3a34a157ce90f8dc35e45a66d9593d2e08e8,6,4,5,2,2
2023-04-19 09:39:13,2023-04-19 09:39:36,0,100,22,1,2023-04-19 09:39:36,R_1M5wxPRsIt3f9Cq,*******,anonymous,EN,8b5177ed8917c390f3bd18088dd0cc21a6a50f1cfe2ff01c4affc2b88e46ff8e,3,2,5,1,2
2023-04-19 12:11:09,2023-04-19 12:11:33,0,100,24,1,2023-04-19 12:11:34,R_3imLCjEXjRMafyt,*******,anonymous,EN,699a6b0515a132f0a8c12087c54ce4161a23db1beb480a21d076a2184eb4a8f1,3,5,4,1,2
2023-04-19 09:39:09,2023-04-19 09:39:34,0,100,24,1,2023-04-19 09:39:34,R_2b41lAjpLQMNm3e,*******,anonymous,EN,4630b06fe3fbcf4fa1b00043b19aa026e8eae94987e9e8da28378e0163eb1ab3,8,10,6,1,2
2023-04-21 14:37:49,2023-04-21 14:39:11,0,100,82,1,2023-04-21 14:39:12,R_2dDRjpUMdJCR8ll,*******,anonymous,EN,5f010bcbfca5913d4fca62601f82fb83aac125c08009409df4462023748b3555,1,5,6,1,2
2023-04-19 09:22:58,2023-04-19 09:23:18,0,100,20,1,2023-04-19 09:23:18,R_1eXgNYlRepSmeW8,*******,anonymous,EN,92b926506b1521959a17dd589f3a8f6e08041789aacb4dc9dfc9711e2529ed11,3,5,6,2,2
2023-04-26 19:50:10,2023-04-26 19:50:52,0,100,41,1,2023-04-26 19:50:52,R_1ifHnWNM5uSYEE0,*******,anonymous,EN,bc237e4ba13992a3d82069c0dd720a7d71267c20da4249a5c962fa62c71b6ab4,2,9,8,1,1
2023-04-19 13:01:24,2023-04-19 13:01:51,0,100,27,1,2023-04-19 13:01:51,R_25ECDlHEOtmYs4c,*******,anonymous,EN,a87b4e58f2e8c1770d67ffa28fb0d48ecff5b9936bccd7c8aff1ed9cb345796a,5,4,7,1,1
2023-04-26 13:42:12,2023-04-26 13:42:37,0,100,24,1,2023-04-26 13:42:37,R_2aLZBRg9VLYY7ED,*******,anonymous,EN,b1b522a5c5795678df390d47415b48f1a58b07cfc9bf0e357817221bf49037c4,4,5,4,1,2
2023-04-19 09:57:01,2023-04-19 09:57:32,0,100,30,1,2023-04-19 09:57:33,R_3kjoXUrN9qBWWRu,*******,anonymous,EN,9837745924d59a474ccd1b772111f322bf2bb74c5000a6ed82cddffe4bded3ba,2,8,7,1,1
2023-04-20 10:00:51,2023-04-20 10:01:16,0,100,24,1,2023-04-20 10:01:17,R_plU7IbhjLxwGWQN,*******,anonymous,EN,556a9409f4843f88ef9adb632cdbb4ebe55b3ddff455a4fe2e57331a05406c61,1,7,7,1,2
2023-04-27 15:53:04,2023-04-27 15:54:12,0,100,68,1,2023-04-27 15:54:13,R_3m81im1pdLIfDof,*******,anonymous,EN,2e3cccb9130eda1c4d66d882760b9f08df64692a2b5e8256e5751e574e2e815c,3,8,7,1,2
2023-04-19 09:49:12,2023-04-19 09:49:31,0,100,19,1,2023-04-19 09:49:31,R_3pamrnpTffbtiCU,*******,anonymous,EN,64894943ec3ec67b44247ba7627e7afbb6a61a73bb98a32b9de90d5a8f0b04e6,2,3,3,2,2
2023-04-19 11:12:09,2023-04-19 11:12:30,0,100,20,1,2023-04-19 11:12:30,R_s7IKCN8XQlRQQpj,*******,anonymous,EN,1e929a0635b42f3647b17d502d67aa2230b7d510430c7a869fde4a03d7423454,1,5,5,2,2
2023-04-19 09:21:02,2023-04-19 09:21:20,0,100,18,1,2023-04-19 09:21:22,R_1hJYwgnHPSn4zb0,*******,anonymous,EN,d6853437940b5c4c06c256e03c6fc1bf5da8213de06804bca6449ae08684c5d1,3,9,6,1,2
2023-04-19 14:17:57,2023-04-19 14:18:23,0,100,25,1,2023-04-19 14:18:24,R_1mlOP3GP0E87Rzx,*******,anonymous,EN,22cf3b3cd4a3f6716348203917ebf5ad5ef02ef2ba145f02f26c1998655a95d6,3,5,6,2,2
2023-04-19 14:04:14,2023-04-19 14:04:34,0,100,19,1,2023-04-19 14:04:35,R_1rAEhlJokbJ1MEt,*******,anonymous,EN,5a621866356b6e9d1811c1b433932bf305e1d0ed1fd553ba96fd19f19e66a19d,2,5,2,1,2
2023-04-19 11:18:50,2023-04-19 11:19:24,0,100,33,1,2023-04-19 11:19:25,R_28GPiwJ78TLeBuC,*******,anonymous,EN,f05ab811bc471ac851e4b650e9e77f6f5e0c8b224d36aabb66e61ce1dda668ac,6,7,9,1,1
2023-04-20 17:55:42,2023-04-20 17:56:09,0,100,26,1,2023-04-20 17:56:10,R_qyK94hOEXSKUahr,*******,anonymous,EN,7d9ad1402d485eb51a8050dbe30f614c708b95606e25dc96ef7cfec95300694e,1,6,6,1,2
2023-04-25 19:18:42,2023-04-25 19:19:08,0,100,25,1,2023-04-25 19:19:09,R_1r1830y8VNedThF,*******,anonymous,EN,fc8f9841531bdd1a7131ad8d39e735027f3cd128abec96e14e149dcec00f3bd1,5,4,4,1,2
2023-04-19 09:18:21,2023-04-19 09:18:51,0,100,30,1,2023-04-19 09:18:53,R_pKSJNzjW1cYsMlb,*******,anonymous,EN,79968a659e4888bc1a379e085699c8f898c89008047310a5d7109e27d8c3c3d1,8,7,4,1,2
2023-04-19 11:51:22,2023-04-19 11:52:22,0,100,59,1,2023-04-19 11:52:22,R_27NmT7nqB263wqj,*******,anonymous,EN,85f22f3cea3cdc9da899c9abe0d29ab0073e51ab6b1afcd0da0c7f4937a8401c,1,10,10,1,1
2023-04-19 10:01:11,2023-04-19 10:02:15,0,100,64,1,2023-04-19 10:02:16,R_3jTINU0u5akANzb,*******,anonymous,EN,dc63ccca2920c2aa8846a4559ad0c071178035564a5ec61c9786c0f63b43bfb1,6,4,5,1,1
2023-04-19 12:38:05,2023-04-19 12:38:35,0,100,30,1,2023-04-19 12:38:36,R_1Fx1LoMNUXiVa56,*******,anonymous,EN,3b8d53d7f112e2ccaf379dcf068e49f0ee9f31fbe276b2287838430b89f9616e,1,1,9,1,2
2023-04-19 15:07:40,2023-04-19 15:08:06,0,100,26,1,2023-04-19 15:08:07,R_sLlFzcZiJg7khK9,*******,anonymous,EN,f79115ff8a96917c2f6c4ea8bf0903d2083ca7de422a6e283f9c369d048994f3,4,5,4,1,2
2023-04-20 07:58:05,2023-04-20 07:58:27,0,100,22,1,2023-04-20 07:58:27,R_22DnFK1HZ1InBYo,*******,anonymous,EN,d896397e277bd19791ce9f3e30c31b7d0cd7a7b88f1af369a4403f7388fe8e9e,8,10,5,1,1
2023-04-20 07:22:03,2023-04-20 07:22:46,0,100,42,1,2023-04-20 07:22:46,R_1IvppMTI3KOKAMt,*******,anonymous,EN,3b198b8f993349a557467ea61c8dbdde2c30cec72ef60db7217eab430f2aad70,1,10,8,1,1
2023-04-19 09:57:38,2023-04-19 09:58:09,0,100,31,1,2023-04-19 09:58:10,R_3ISnx0y1TLtLVom,*******,anonymous,EN,4e90244629c4821d2219d28b3b77fb458c2d756315dd1cd1ae81f816c58d84f9,2,5,7,1,2
2023-04-20 14:33:30,2023-04-20 14:34:04,0,100,34,1,2023-04-20 14:34:05,R_1DNDH3E9NuqATh8,*******,anonymous,EN,be2e684d7fa00af8d30c10b4793d0ff8088aea40cb775f55312b420e045cf1c8,4,5,4,1,2
2023-04-19 17:34:22,2023-04-19 17:34:46,0,100,23,1,2023-04-19 17:34:46,R_XYwVGb64zJ2oMGl,*******,anonymous,EN,721697a2ba9e34833f8918008682681e9e636e7859437441879faae416e22c7e,6,8,4,1,2
2023-04-19 11:57:45,2023-04-19 11:58:04,0,100,18,1,2023-04-19 11:58:04,R_2ZQePXIgp0aawSs,*******,anonymous,EN,40daadabdf5be50b4c46f099c941c2a28d6bbd46485c4acd8950e1f18ed33672,7,6,7,1,2
2023-04-19 16:50:13,2023-04-19 16:50:26,0,100,12,1,2023-04-19 16:50:26,R_1pujvLe2iAKnsNZ,*******,anonymous,EN,05e019e50b31016cb7dc9658a79967268b92c22c22e90076426f5955f4032ad1,8,7,8,1,1
2023-04-19 22:37:13,2023-04-19 22:37:41,0,100,27,1,2023-04-19 22:37:41,R_2VJgAOTSV74FP4j,*******,anonymous,EN,4d829b431cdef701f68406a89260eb920048ac7bca8a70d42dfef13138418b42,5,6,6,1,1
2023-04-28 07:30:39,2023-04-28 07:31:02,0,100,22,1,2023-04-28 07:31:02,R_3pbVeo554PM7Pgv,*******,anonymous,EN,aeab250522a9357921dcfc3c98f96e3433e002efefdecef33ad11b5ef4ef89c3,7,6,5,1,2
2023-04-19 09:52:48,2023-04-19 09:53:10,0,100,22,1,2023-04-19 09:53:11,R_2t2IxZPKggjq43d,*******,anonymous,EN,14f821ea65a169a2dc581915481f9a5f153aa9168332b0b7b3aaf5b4ed7237d2,2,9,9,1,2
2023-04-24 01:07:30,2023-04-24 01:08:04,0,100,34,1,2023-04-24 01:08:05,R_25ZOZtdvBJo9fuB,*******,anonymous,EN,bb54c60a5c9f6c5e89e8aa216643eef839e2394e4553fa953e28d4dabafb95ea,7,9,6,1,1
2023-04-19 09:19:50,2023-04-19 09:20:09,0,100,18,1,2023-04-19 09:20:09,R_1duBrenL2lcIxaA,*******,anonymous,EN,d0972a71114d6d9f5190bbbe61ceff3cbdf26ab266a66994026bb79f639b2ead,3,4,4,1,2
2023-04-19 10:58:52,2023-04-19 10:59:38,0,100,45,1,2023-04-19 10:59:39,R_s4JsjRRpwDLvzCF,*******,anonymous,EN,032b58170d54328547de5805625e294a2465675d987c98ca2bdbe65292e44daa,3,8,7,1,1
2023-04-19 12:02:33,2023-04-19 12:02:54,0,100,20,1,2023-04-19 12:02:54,R_3QLtqXlYSlp13dG,*******,anonymous,EN,f84906dec810c585bba80efb5a1dcf32bd028dc716b09ba31b68d907b104bf57,4,8,8,1,1
2023-04-19 09:21:50,2023-04-19 09:22:13,0,100,22,1,2023-04-19 09:22:14,R_2WvYrzNKx0Uze78,*******,anonymous,EN,5c2006c538f9b2615b7938e5f74e65043407ac1f0d6ce635bf21dbc07a6ca497,7,5,4,1,1
2023-04-19 09:35:55,2023-04-19 09:36:29,0,100,34,1,2023-04-19 09:36:30,R_xF8vsvv32NPk8c9,*******,anonymous,EN,53a9b3fea83c83436d38b499e5f0927edbde40d46ee2139a1209e664e636e399,9,9,9,1,1
2023-04-19 10:11:13,2023-04-19 10:11:58,0,100,44,1,2023-04-19 10:11:58,R_3JEO8vtll7MR2sD,*******,anonymous,EN,6a2d30d7e8826fda8f52e381511380653c696f149a5cd7acc8701a13ae417f9a,7,5,4,1,2
2023-04-19 12:11:09,2023-04-19 12:12:03,0,100,54,1,2023-04-19 12:12:03,R_1pGzhmpDRnEaJJ9,*******,anonymous,EN,154dfd749dcba68c75231feb8409099a04f4b728924e89f335b98eb141badd10,2,10,8,1,1
2023-04-19 09:19:15,2023-04-19 09:19:52,0,100,36,1,2023-04-19 09:19:53,R_2TKPPQsji4uPzKa,*******,anonymous,EN,7f7d877b3d2ba54e1114430ac9da547c8c3e5701664e701b80c84fde661987bc,8,3,3,1,2
2023-04-19 12:32:47,2023-04-19 12:33:17,0,100,30,1,2023-04-19 12:33:18,R_3JlNCM9Ff1ADQOz,*******,anonymous,EN,3ac1e18fd20ed2269de301b753cb2f517b8ac6c63b3b2b64abed767964473589,7,4,6,1,2
2023-04-19 09:17:48,2023-04-19 09:18:10,0,100,22,1,2023-04-19 09:18:11,R_2aLTakXsOCxFf1J,*******,anonymous,EN,528509929c35f518e79d40efb4d25a4e286a0e90af18cf2b178abd3cce283d18,3,10,10,1,1
2023-04-19 17:51:47,2023-04-19 17:52:58,0,100,71,1,2023-04-19 17:52:59,R_8ccaacJq6EOy0c9,*******,anonymous,EN,321a85bd85f3dd6014299195be807c384fc70d7d844e9c010ca74a1f71abef55,3,8,7,1,1
2023-04-19 09:42:10,2023-04-19 09:42:41,0,100,30,1,2023-04-19 09:42:42,R_3dXrT2u5o0dWCim,*******,anonymous,EN,b642ad848bebcdff472ce623962e0b2c91b2f64f0fb6eabcb4901eb4fa92b6fa,2,5,5,1,2
2023-04-19 09:27:37,2023-04-19 09:28:10,0,100,32,1,2023-04-19 09:28:11,R_BXQeeFoOhjJ8ECZ,*******,anonymous,EN,1531a4faa701322661829ee1469f8dc3dd50756752abd7c636e861a13a186d8e,6,5,5,1,1
2023-04-21 09:33:07,2023-04-21 09:33:21,0,100,13,1,2023-04-21 09:33:21,R_2CN8PHtLh4RDJup,*******,anonymous,EN,f6cbf8237dca38f03689590ed8d9ce5b624a9042bba084b960aed3bbcd53a991,3,9,7,2,2
2023-04-19 18:57:16,2023-04-19 18:57:39,0,100,23,1,2023-04-19 18:57:40,R_QnREltaK9vnhrZ7,*******,anonymous,EN,84bd93ca36b242608fdfb9d81ef1fc803025bbe841a5453c867c0e26795a58a6,2,10,10,1,2
2023-04-27 19:14:48,2023-04-27 19:15:17,0,100,29,1,2023-04-27 19:15:18,R_3lK21GabNREMLqM,*******,anonymous,EN,d94f63543c5fccdde88d6d2e93b725630ee8c9773654c71f0b05d2edadda3b3f,4,2,7,1,2
2023-04-19 10:01:20,2023-04-19 10:01:47,0,100,27,1,2023-04-19 10:01:48,R_1iqW2tB1kkGT3fB,*******,anonymous,EN,ce934a70e841e4de915821045033a0a60e0ebafbb511447331e972692ab3e9d4,6,2,3,1,2
2023-04-19 09:28:39,2023-04-19 09:29:04,0,100,24,1,2023-04-19 09:29:05,R_1YXt6GkOXQxd2Dv,*******,anonymous,EN,cdb0a008af328ff0a862fe9ad4a70f8f2bc03cd6639e07827b2b8168e5e68dc0,10,5,7,1,1
2023-04-19 10:16:49,2023-04-19 10:17:10,0,100,21,1,2023-04-19 10:17:11,R_22CRzg9rbPjAMNl,*******,anonymous,EN,af8d99854c0a60dcc1d0327330b554fa492bd8430c8def367b999ec5d551e1fd,2,8,8,2,2
2023-04-19 11:35:39,2023-04-19 11:36:55,0,100,75,1,2023-04-19 11:36:56,R_3L1EPzycCwGt8ko,*******,anonymous,EN,30f1fe6dc067affd8b49497a45e08e702de0276913958881f8aa712552b6fafa,1,5,7,1,2
2023-04-20 06:28:22,2023-04-20 06:28:57,0,100,34,1,2023-04-20 06:28:57,R_1dmOmefp3WywXGN,*******,anonymous,EN,b71d8744727b05e22e51ec7ab9509b5bab545f9ae26bf45c44f2e2c7c2abb8f8,4,6,6,1,2
2023-04-19 22:11:25,2023-04-19 22:12:02,0,100,37,1,2023-04-19 22:12:03,R_zciOpakbfWDov5v,*******,anonymous,EN,ac195293249fbf91bf8535837ed359124516c5ed86ccb4097e9f57be2eefae55,10,7,5,1,1
2023-04-19 09:36:14,2023-04-19 09:36:37,0,100,23,1,2023-04-19 09:36:38,R_2BnBMgTOKW8oo4x,*******,anonymous,EN,f1ef40954b04b81d75b476193ffb1c879c9f657a5332421a13e95ed36ae8196e,6,6,5,1,1
2023-04-21 09:17:22,2023-04-21 09:17:59,0,100,36,1,2023-04-21 09:17:59,R_1HcbeNcjXiNkiwP,*******,anonymous,EN,d946dc5f3714f580130d1fc8c37c508369cbfc12b054823cdeb5163601beb6ff,4,4,3,1,2
2023-04-24 10:12:03,2023-04-24 10:12:54,0,100,51,1,2023-04-24 10:12:56,R_2TMn5vzljqS0gMo,*******,anonymous,EN,b036b273558fe71e1e31b6460bef07462d1d16f9c936a150948537efac64008a,2,3,4,2,2
2023-04-19 09:25:59,2023-04-19 09:26:25,0,100,25,1,2023-04-19 09:26:25,R_2e227CVNUka4CDW,*******,anonymous,EN,ebc6da6b9c232d26de83dce9293bffea74a14ac43683daec0de49b925a3f29e9,5,10,9,1,1
2023-04-19 09:21:59,2023-04-19 09:22:35,0,100,35,1,2023-04-19 09:22:36,R_2AKf3aCkerHm8Tp,*******,anonymous,EN,5f010025a6a64bd5ca93b493dcf7106bb485dbdba82367e3af21ffe3425dce14,1,5,3,2,2
2023-04-25 06:15:00,2023-04-25 06:15:23,0,100,23,1,2023-04-25 06:15:24,R_3J3kPEdMvNKMbTR,*******,anonymous,EN,e60e565dd80e71e9d6545a5c161e60cde56761db3e6f0dc62d2b02928564b0fc,1,1,5,1,2
2023-04-19 22:42:09,2023-04-19 22:42:44,0,100,35,1,2023-04-19 22:42:45,R_Ce81Gd07rkTTBqF,*******,anonymous,EN,26cbd314d86d8c479c9a2d48cd6a1923076d50be5a9e31c27570a0a206d5219c,5,3,2,1,2
2023-04-21 20:17:31,2023-04-21 20:17:55,0,100,24,1,2023-04-21 20:17:55,R_5aumuV35yjIsW8F,*******,anonymous,EN,5ac1417878f58837e86d5208fe44648b0d8577c172c43a282806d813c3c99165,7,5,5,1,2
2023-04-19 09:34:26,2023-04-19 09:35:14,0,100,47,1,2023-04-19 09:35:15,R_1dvtCpzUgwgL5qd,*******,anonymous,EN,30ba3e56e786e0c050148bcf40a04c6981261a06c19fe1dfa7a017c9a9ea7449,2,3,4,1,2
2023-04-28 09:11:52,2023-04-28 09:12:15,0,100,23,1,2023-04-28 09:12:16,R_3etci84lXETlaUB,*******,anonymous,EN,430b51092109bf2d19a2ff429a291a72870dde67ab5e55096487e7b129d7258c,1,3,6,1,2
2023-04-19 09:57:19,2023-04-19 09:57:36,0,100,16,1,2023-04-19 09:57:37,R_2zDcdjno3DIMtOZ,*******,anonymous,EN,49b15cd5da76e7b049c8b1f3e721666bf7862e2e448f4919e9d45ded5826681d,3,8,8,1,2
2023-04-19 09:27:59,2023-04-19 09:28:22,0,100,22,1,2023-04-19 09:28:23,R_324sHu4WsvWARpg,*******,anonymous,EN,5877aaccba529f43e4df3adf9ed1cd6977e61a920d951c8c8688b9dfe714817d,3,6,5,2,2
2023-04-24 09:47:11,2023-04-24 09:47:31,0,100,19,1,2023-04-24 09:47:31,R_yQFGwc9XtyIwiB3,*******,anonymous,EN,ad456180882a9e289c4aa2b84ff598b09e1a8a2463c79238682dadf6b7f92495,7,7,9,1,1
2023-04-19 12:08:44,2023-04-19 12:09:08,0,100,24,1,2023-04-19 12:09:08,R_2U6ilLfwgYcCgbk,*******,anonymous,EN,1edcaa7745c06c861c9ffe0ae2a8bce10ed67b8a736b4d911629fd3127ab617f,7,10,10,1,1
2023-04-27 15:28:05,2023-04-27 15:28:32,0,100,27,1,2023-04-27 15:28:32,R_1CmftZIygqu7DBs,*******,anonymous,EN,5252cf2f1caf00ccf9d577d86322c2a39276facd20c1f927747ca71ece6e6067,4,5,3,1,2
2023-04-19 21:34:45,2023-04-19 21:35:11,0,100,25,1,2023-04-19 21:35:11,R_yC71N7aZCbXVaZb,*******,anonymous,EN,49c06c132ae8a3088f2ea9ac9be08a5e47ce504ec1a262683ba59d0de3261731,1,4,3,1,2
2023-04-20 15:04:46,2023-04-20 15:05:10,0,100,23,1,2023-04-20 15:05:10,R_2zjX6243S1EZnQu,*******,anonymous,EN,9ca1e50a88ccaa1e82d82bc8de830d8b133139f4b6fcd65e38e3c96bbad9e136,3,6,4,1,2
2023-04-22 09:27:34,2023-04-22 09:28:08,0,100,33,1,2023-04-22 09:28:08,R_3npUpmVxtwpk1NF,*******,anonymous,EN,a1298cacd91ac78832a0d2ecfb339bbd4cdec4ab1fc2af8e2f43cb63841cb1ce,6,5,9,1,2
2023-04-19 10:05:46,2023-04-19 10:05:58,0,100,11,1,2023-04-19 10:05:59,R_2aysGYonuZGxBzx,*******,anonymous,EN,3ef2927a31413dc4e5cae7c993b8505d7ec86b9f06e7437038763cd1e95bcdc6,6,6,5,1,1
2023-04-19 17:16:30,2023-04-19 17:16:53,0,100,23,1,2023-04-19 17:16:54,R_3EatgBOhBqciLKj,*******,anonymous,EN,fb4c778d4a1c66fbe677aad8616c56fd9393a410c79d29e2b083606736a8ad84,2,7,7,1,2
2023-04-19 09:17:47,2023-04-19 09:18:14,0,100,27,1,2023-04-19 09:18:15,R_1hQ0UUCuKn7iMZx,*******,anonymous,EN,edd6e9ca11dd20814a1d3f33b0bb0d6200837bd06473a1112764c0f2c4e9ef18,3,5,4,1,2
2023-04-19 11:54:25,2023-04-19 11:54:44,0,100,18,1,2023-04-19 11:54:44,R_3OelBzRxLDL7d4B,*******,anonymous,EN,e2fbbb7a62ebdfeae7284e24c95ab52318bec38195180637e5f04a70227fa484,3,4,5,2,2
2023-04-20 07:31:40,2023-04-20 07:32:00,0,100,20,1,2023-04-20 07:32:02,R_XmKBUUtxpZpxjvb,*******,anonymous,EN,c89a837df01eead9446f171c67a3527c2e920f302d487ca8f04a008c5158ce3c,2,3,5,1,2
2023-04-20 10:33:09,2023-04-20 10:33:44,0,100,34,1,2023-04-20 10:33:45,R_2ylOBZ0g8qh3jTQ,*******,anonymous,EN,d3453828230e10570666932b2c528d8f73ec585747442e2f609697e32a175704,7,9,10,1,2
2023-04-19 12:06:32,2023-04-19 12:06:58,0,100,25,1,2023-04-19 12:06:58,R_2pYLpvUOgj6NRMh,*******,anonymous,EN,a41b78412aa999de781e85cb589f5da3586c0413ee60d2a378976af37e8e39c7,1,10,10,1,1
2023-04-19 10:51:47,2023-04-19 10:52:26,0,100,38,1,2023-04-19 10:52:26,R_2zUeqE0bQyMf8gc,*******,anonymous,EN,f0d77d428cfbce445fc713ba75614651b6cbf1fd494a23bdb4bcebec58c93db0,5,5,5,1,1
2023-04-19 09:21:00,2023-04-19 09:21:45,0,100,44,1,2023-04-19 09:21:46,R_1IfMhnZqOm4hz0q,*******,anonymous,EN,e000de73983d30a25ac9613628f3c898cb1db322c516649c1c2b51008a5a7da7,7,10,4,1,2
2023-04-19 09:19:26,2023-04-19 09:23:38,0,100,252,1,2023-04-19 09:23:39,R_cHIENdgCk7nRrhf,*******,anonymous,EN,8c00b0e405eda3b9d3e24fd0029f051de81d045984d3048baf12903f6ea121bb,3,8,7,1,2
2023-04-19 09:44:22,2023-04-19 09:45:39,0,100,77,1,2023-04-19 09:45:40,R_2Tmx2Y0ZeKB0W1L,*******,anonymous,EN,7e8b7787b7048625d1d7f3aa66329f430bf7e653fac0c7377b6befb6d20d94b9,3,5,6,1,1
2023-04-22 00:48:18,2023-04-22 00:48:55,0,100,36,1,2023-04-22 00:48:55,R_3lRpZnniJWpOFae,*******,anonymous,EN,ee13e0597e064b3ec73bda19841335f21ae7d33b9871dfe493bed6f33d46a232,5,5,4,1,2
2023-04-19 17:47:49,2023-04-19 17:48:39,0,100,50,1,2023-04-19 17:48:40,R_1f7YCcX5tH7Xkag,*******,anonymous,EN,df73ea8530b2290db96a0b2bd25b7b36836a34690a59dfda67b112c1d933c056,2,4,4,1,2
2023-04-19 13:07:09,2023-04-19 13:07:32,0,100,23,1,2023-04-19 13:07:33,R_1oyTLgvMWdMeLVA,*******,anonymous,EN,4f1b271c35bfc785f0bb0a1521e28b9db0f7e2dad28e8f39add99bfb168fb88e,3,9,8,1,2
2023-04-19 09:23:54,2023-04-19 09:24:05,0,100,11,1,2023-04-19 09:24:06,R_1CsFPfz9ambWgf4,*******,anonymous,EN,647545e53b7f86f5aea379a16ac110c99bde492108ca973bbf3d0d8559c014f9,9,8,2,1,1
2023-04-19 09:20:12,2023-04-19 09:22:53,0,100,160,1,2023-04-19 09:22:54,R_3e1VwBI1Byj0Tba,*******,anonymous,EN,4c4a070d3add9c77594823c9fc983cb58fc6478b75bb8edc08f40c14561fbb06,2,5,5,1,2
2023-04-21 23:52:02,2023-04-21 23:52:40,0,100,38,1,2023-04-21 23:52:40,R_3iwDrop2Qy5IsX7,*******,anonymous,EN,f73f2cf5517d4f3ca157b0f2b317833fb30cb0df28316efd4966d4e5bde1efb9,1,5,8,1,2
2023-04-19 09:34:05,2023-04-19 09:34:27,0,100,21,1,2023-04-19 09:34:28,R_2v62q23BrNCBok2,*******,anonymous,EN,79b7e1b1cae6a9caf973c77fd160cdf01ba3eedc15fb4ad648f1e00ea6b6ee6f,2,2,2,2,2
2023-04-19 17:06:53,2023-04-19 17:07:16,0,100,23,1,2023-04-19 17:07:17,R_3R4UQoZiPPCftQS,*******,anonymous,EN,7d6ab56d9130442e26fbe2a64dd9e8cdf539c0bc0573a24944cd1e1021fdb84c,8,6,5,2,2
2023-04-20 00:43:27,2023-04-20 00:43:51,0,100,24,1,2023-04-20 00:43:51,R_2vjqaKEKDdXdYf3,*******,anonymous,EN,41bf5bd7382f14a37eb919e398799fa0f9856110b5d0bee0ba3fa92dceda89f8,4,6,7,1,1
2023-04-20 08:54:43,2023-04-20 08:55:15,0,100,31,1,2023-04-20 08:55:16,R_1eRa3NOEAfEvGEL,*******,anonymous,EN,d7c6b0922aad35858aeddb4b44d4b94f231f0fed78793ee280abb60ac6580004,3,9,8,2,2
2023-04-19 12:23:51,2023-04-19 12:24:32,0,100,41,1,2023-04-19 12:24:33,R_Zx8kSGM436s3sXv,*******,anonymous,EN,cc7722a8b6b59946d2f2747a4ee03315c51f48747ff75377ae112b9fa0eed0e9,1,5,10,1,2
2023-04-19 10:36:52,2023-04-19 10:37:29,0,100,36,1,2023-04-19 10:37:30,R_3HFXXTiMCxSbNTR,*******,anonymous,EN,1a16ca5c343652476ac9796474e758d395b9f6023b7306d7b6edfa7bc132b733,8,6,7,1,1
2023-04-19 11:17:29,2023-04-19 11:17:51,0,100,21,1,2023-04-19 11:17:51,R_2Bhr7DAZUKbs9Nx,*******,anonymous,EN,50481e8f3c7b7b17ea8f2551c459daeb34e52b85bd987afbc315602a2a2ba9d3,4,8,8,1,1
2023-04-19 10:13:31,2023-04-19 10:14:21,0,100,49,1,2023-04-19 10:14:21,R_VVYVGov2730UWZP,*******,anonymous,EN,750ce49c77f1ef7f033ba4d979ffd858ebfd0f456965c7c04a8e06ce80ba9d16,2,2,7,2,2
2023-04-21 07:20:45,2023-04-21 07:21:19,0,100,33,1,2023-04-21 07:21:19,R_3rNghN2NZIjseKG,*******,anonymous,EN,86b216174033d5924352e25fd5d0d98b5cd79429b7c3b4d41970a6ffd2efbce1,6,9,7,1,1
2023-04-20 18:37:04,2023-04-20 18:37:44,0,100,40,1,2023-04-20 18:37:45,R_1pXrugnFqdnbilf,*******,anonymous,EN,dbc418d6c6eac55cd6ace638f0272b7ce2bac6532c7da3ba0820d603d9710624,5,6,6,1,2
2023-04-19 09:58:50,2023-04-19 09:59:21,0,100,30,1,2023-04-19 09:59:22,R_2Swwmfy4Rn083ej,*******,anonymous,EN,f4f998c8b280ebc73af7fde4df09324763fceb291d1827b412c65d6f5e1e3918,1,1,5,1,2
2023-04-19 19:22:56,2023-04-19 19:23:21,0,100,25,1,2023-04-19 19:23:22,R_2ds9Z4hKWS6d6Tu,*******,anonymous,EN,29cc2f2610be72e5f2cf2488c2d82df03b566298797cb3c44303cc2e65fb480f,3,8,8,1,2
2023-04-25 09:06:21,2023-04-25 09:07:01,0,100,39,1,2023-04-25 09:07:04,R_11jqKi5u8bpMqiT,*******,anonymous,EN,e8294b22cece242642ef8ef235be1f5591d269de44f4f980db0d660304a76f05,2,9,9,1,1
2023-04-20 09:47:37,2023-04-20 09:48:16,0,100,38,1,2023-04-20 09:48:16,R_1lyMQ0JMV8kchD6,*******,anonymous,EN,6770933085eb17909c06eb38a3b95ac0ee69dac8695b2577cccc557d0b8ff590,2,4,8,1,2
2023-04-19 14:57:04,2023-04-19 14:57:48,0,100,43,1,2023-04-19 14:57:49,R_22s2UDjmYl0HlAY,*******,anonymous,EN,12af26cbc6e1d968c2ce4bd05f74efb204683737c0f967dd0cf912a9f2a04360,8,6,8,1,1
2023-04-19 10:44:30,2023-04-19 10:45:24,0,100,53,1,2023-04-19 10:45:25,R_2Vr414thn3j78PM,*******,anonymous,EN,3643e37a422bef43151ec03006e174f2488d91cae22a05f69768522425fae037,4,8,7,1,2
2023-04-19 09:31:14,2023-04-19 09:32:11,0,100,56,1,2023-04-19 09:32:12,R_26orh0XV614zcKB,*******,anonymous,EN,1b0248193e998aac815c1957f49b7044674b909da54a291baa243f5c7f3678b4,5,2,1,1,2
2023-04-24 06:19:55,2023-04-24 06:20:47,0,100,52,1,2023-04-24 06:20:48,R_3shK8aCjP0LnM1k,*******,anonymous,EN,d024cf913d02915bee407b50dc0b66db32b8ab32403e892a5028d423fc00c1df,2,8,4,1,2
2023-04-19 10:49:40,2023-04-19 10:56:06,0,100,385,1,2023-04-19 10:56:07,R_DvMORANlC5yJGEh,*******,anonymous,EN,f737acaeb80cc7e251df8c015bbf0c332c0c6a1c814e766c74afa06ccf089278,1,2,4,1,1
2023-04-24 06:56:53,2023-04-24 06:57:22,0,100,28,1,2023-04-24 06:57:22,R_2cu3EnBz8SXTDoQ,*******,anonymous,EN,2c2b9d43a2d7f9ac9a467883b16201bf8768359454ac53ebf56728fe7a56d2c7,4,6,7,1,2
2023-04-22 08:02:25,2023-04-22 08:03:05,0,100,39,1,2023-04-22 08:03:06,R_1IK7ubGQN76ueVv,*******,anonymous,EN,6d34500833c4d07095ca72ba48570f2301f4911ce0bab5daf338919b69201c09,5,5,6,2,2
2023-04-19 11:32:57,2023-04-19 11:33:15,0,100,18,1,2023-04-19 11:33:16,R_RquwKymdNon4Orv,*******,anonymous,EN,c0a0b1403de2f35093305329764014a0a4a2fe6445892d0d838c3258b8bf7adc,7,6,6,1,1
2023-04-23 11:45:36,2023-04-23 11:46:01,0,100,25,1,2023-04-23 11:46:02,R_2WILqs8h5iVzndo,*******,anonymous,EN,f0807cb643210180916379f8ad2b08581f2b3b73be6396715b313b95cd722f45,5,6,4,1,2
2023-04-19 15:37:52,2023-04-19 15:38:24,0,100,31,1,2023-04-19 15:38:25,R_2y2Gb5HdMvHZhIK,*******,anonymous,EN,75134dd5458f27eb45bca875bd0999c3e424684a56a2d23cf70a6c0fa5031a10,4,6,6,1,2
2023-04-19 09:24:31,2023-04-19 09:25:00,0,100,28,1,2023-04-19 09:25:01,R_x5ivklBx3JkEj2p,*******,anonymous,EN,4a4c96f16ac10c3d8ae83712e5812da3bdd13079bc365f40e20a6590c3335b0b,7,6,7,1,2
2023-04-21 12:54:26,2023-04-21 12:54:56,0,100,30,1,2023-04-21 12:54:57,R_3ewYzM74UCc7cnx,*******,anonymous,EN,860cfd7659d1e713e9b939a4238bc8e0105efab5e7742aa08d641b41f628f9e3,5,8,10,1,2
2023-04-19 09:46:39,2023-04-19 09:47:21,0,100,41,1,2023-04-19 09:47:21,R_27eDiQvWpx9cU7Q,*******,anonymous,EN,2a09127b376e903917d2829ef8b197fba75eede17cba161b8ecf44ab08ff61fa,7,8,10,1,1
2023-04-20 01:24:22,2023-04-20 01:24:57,0,100,34,1,2023-04-20 01:24:57,R_1DzMjAAt7scZcNC,*******,anonymous,EN,9d5ce7b0d904fd581fe83fd9a8c56cb5849bb24209da716fabe5bb4dbeed1911,3,7,8,1,2
2023-04-19 09:27:26,2023-04-19 09:27:42,0,100,15,1,2023-04-19 09:27:43,R_1GTDJT4IWpQtO6i,*******,anonymous,EN,f13568c75d1509ccc7d6bc9cd076547c5c9df3dda9e726159640db4db0de48d4,3,10,8,1,2
2023-04-19 09:28:16,2023-04-19 09:28:38,0,100,21,1,2023-04-19 09:28:38,R_1gASLBdLnO7pefo,*******,anonymous,EN,e9fe72fc08149e12c07479517e9d7d48afcd5c577dec02c47e063b0ddd647966,2,5,3,1,2
2023-04-19 14:14:06,2023-04-19 14:15:56,0,100,110,1,2023-04-19 14:15:57,R_1g0Ep1PK3GrglVH,*******,anonymous,EN,abf333ec198e6b6b1dee0784966e14a7785e834bab7328908ea0be8fe6887108,4,8,6,1,2
2023-04-19 09:19:14,2023-04-19 09:19:32,0,100,18,1,2023-04-19 09:19:34,R_3fATeFH6XvH4dna,*******,anonymous,EN,d42f4a6a21014a13579d818efd917937787596f55d6f93574b638e485f2bd149,4,6,6,1,1
2023-04-19 09:51:36,2023-04-19 09:51:55,0,100,18,1,2023-04-19 09:51:55,R_22zvH99rZafeLQK,*******,anonymous,EN,30e8c327f23a39d5ecd68efa12e10fd55a2b4cd9fcf8561373d355ad23c8d7a2,3,8,7,1,1
2023-04-19 17:17:54,2023-04-19 17:20:20,0,100,145,1,2023-04-19 17:20:20,R_1PRUnWFS02A0doz,*******,anonymous,EN,23fc2f6ec7c486d3dfb3399ac26cfc32bc386d203e9206ed48dbcfbafb0f1ce8,1,10,10,1,2
2023-04-19 09:20:07,2023-04-19 09:20:30,0,100,22,1,2023-04-19 09:20:31,R_1Qu9lTk3kz0PVvf,*******,anonymous,EN,28c9729f096618a3dd28b1f45786a30a3ebda6e00fd7e035cad65914cd199e7f,5,7,5,1,2
2023-04-19 09:20:36,2023-04-19 09:21:09,0,100,32,1,2023-04-19 09:21:10,R_3J8mnOIoNYcUOpd,*******,anonymous,EN,43682e6112d7289cdb1d0cfc524a4bf26a041acad155d851fadc06a2428cdef4,5,7,3,1,2
2023-04-26 12:27:27,2023-04-26 12:28:10,0,100,43,1,2023-04-26 12:28:11,R_2EnoQjbPt9iRRZy,*******,anonymous,EN,196ed5ad49b8191d6cac1b48b95727533ca27b630f4b9ae495fb79f247e1bddb,10,5,3,1,2
2023-04-19 09:23:46,2023-04-19 09:24:40,0,100,53,1,2023-04-19 09:24:41,R_24ozFuajaaFnFAP,*******,anonymous,EN,3bc82d22446b0cab7a40bc88b53fd2d630aee1deaa6c7795dcce0f3934af0097,8,9,8,1,1
2023-04-24 14:49:08,2023-04-24 14:49:53,0,100,45,1,2023-04-24 14:49:54,R_3D7KqB0iXbicnmt,*******,anonymous,EN,01fac14396bd1c65bb6cd09a7e378b70ee0f92fb75aada27dc58f00052ceba2c,8,10,7,1,2
2023-04-19 10:06:20,2023-04-19 10:06:41,0,100,21,1,2023-04-19 10:06:42,R_Z9Vj3CaBMXlM12h,*******,anonymous,EN,1e991af7c398d40d59adc58059c7ba33360624d080813e873cdaf159668e2800,7,2,2,2,2
2023-04-19 09:29:50,2023-04-19 09:30:10,0,100,19,1,2023-04-19 09:30:11,R_UrsRpvTyGAyIhDb,*******,anonymous,EN,070ef0a500914fffd3dba35fa923e9faa80b48be9b6fed2e7392469fbc46ceb4,7,6,3,1,2
2023-04-19 11:27:35,2023-04-19 11:28:06,0,100,31,1,2023-04-19 11:28:06,R_2rOQl6oXzJH3QJo,*******,anonymous,EN,776d15b5c9678f6447ce7f110b1c065991dfd6df1916b1499667926b35c30b7a,8,3,5,2,2
2023-04-19 10:02:04,2023-04-19 10:02:27,0,100,23,1,2023-04-19 10:02:28,R_3ktPEY8a6xxfS7o,*******,anonymous,EN,8ace6e0dc195fa69bdba9460de859c7613bbe5bbcce7b753b6be44da2585bdc6,4,9,8,1,1
2023-04-19 09:46:47,2023-04-19 09:47:18,0,100,30,1,2023-04-19 09:47:19,R_3Gp4q4RlG3BTqmX,*******,anonymous,EN,b59739f70c59e55144e4f052f8b69cab6da25129ce09e56fdbcf507b8541861c,3,9,9,1,2
2023-04-19 22:41:17,2023-04-19 22:41:49,0,100,31,1,2023-04-19 22:41:49,R_yykfAXeFD5S6qdz,*******,anonymous,EN,3cef9ad02d99fa8696c9db4c2b539309734675ef1cd61bde8b40080b02f1b180,8,10,8,1,2
2023-04-19 11:32:14,2023-04-19 11:33:32,0,100,77,1,2023-04-19 11:33:32,R_21HbbS6JZjPhdbn,*******,anonymous,EN,9bc0dfe8934cd7d0b50ca8b0cc3da797b2766cc9cccb5484f6eea5c47099491a,1,4,9,1,2
2023-04-26 06:21:29,2023-04-26 06:21:54,0,100,25,1,2023-04-26 06:21:55,R_1dyNyEXDngweXGK,*******,anonymous,EN,13cb21043ba437604f8ffc843a03dc1c9f98a4008c99737c295692c45e1fa692,6,5,4,1,1
2023-04-22 04:55:26,2023-04-22 04:57:06,0,100,99,1,2023-04-22 04:57:07,R_cUt4Zp2Bz8Eot4l,*******,anonymous,EN,5f9045435342258b09b7eedf214bc71a2aa7ee3c19572a96bdfaa4bdeca71cdf,2,9,10,1,2
2023-04-29 00:15:52,2023-04-29 00:16:20,0,100,28,1,2023-04-29 00:16:21,R_3800HhfPsD8x6SZ,*******,anonymous,EN,a5a3a33ea1a09ae53162e7cf3b5706e038b677d455fc1b108e061569de6b81ee,2,6,6,2,2
2023-04-25 18:49:01,2023-04-25 18:49:23,0,100,21,1,2023-04-25 18:49:23,R_3JfNEEdWoTOpRpn,*******,anonymous,EN,aea0b9852938f86788ca5cf55ba2697b1fcb76cfd2a98cb10f44ad26a2cc2eac,9,7,6,2,2
2023-04-19 10:00:23,2023-04-19 10:00:46,0,100,23,1,2023-04-19 10:00:48,R_3fd5Wko4pt7wx4U,*******,anonymous,EN,ca24b3d214fc4d3b5d939556b81d7116dd4ba4611b414edca484e1023a6f92f6,3,10,10,1,1
2023-04-20 13:02:15,2023-04-20 13:02:57,0,100,42,1,2023-04-20 13:02:58,R_2EjfFqazbDu4f2l,*******,anonymous,EN,77267141c755dcff3b2c62bc16dbf01555a27703cea06b3a3bc61a7ddb5b8362,5,6,5,2,2
2023-04-20 00:48:48,2023-04-20 00:55:21,0,100,392,1,2023-04-20 00:55:21,R_3GdgrObByqSk46H,*******,anonymous,EN,1f5cd00d196b3b9ce2ab3286fa4728a75f9ed10619e1befb47568fb127b6be49,4,8,7,1,2
2023-04-19 10:08:54,2023-04-19 10:09:21,0,100,26,1,2023-04-19 10:09:21,R_2v1RRF3CTBYHylG,*******,anonymous,EN,a9c2fac6f07e249959f080c03a42c92a28f4516572fa92f8e0cab6c1d9820cec,4,7,7,1,2
2023-04-29 12:03:17,2023-04-29 12:03:42,0,100,24,1,2023-04-29 12:03:43,R_vl8On5x6JzHa9l7,*******,anonymous,EN,656ef6ed087284648cb95cf29a5b3f5ce2ab203013df8dbfff9fd737654a9cde,4,9,7,1,2
2023-04-20 07:38:39,2023-04-20 07:39:04,0,100,24,1,2023-04-20 07:39:05,R_1IWMe1Eh6TGMapR,*******,anonymous,EN,13a55ee06e0eb94f9e1e0ee2ab39876343b6980acd5347fab94a95b68e9d08bd,7,5,5,1,2
2023-04-19 10:58:46,2023-04-19 10:59:08,0,100,22,1,2023-04-19 10:59:09,R_2sXQWZdaHiuqtyF,*******,anonymous,EN,7822ae8cc184642dae03f517217a8bbd6cec3098b2faec7b3dc0aaa27d11840f,6,3,4,1,2
2023-04-19 09:20:10,2023-04-19 09:20:41,0,100,31,1,2023-04-19 09:20:42,R_1jxhnUYbHhI4ZgU,*******,anonymous,EN,3b138491e4f9fb19200d40fec8afb706da15d65954eaa6e344c79b0fca8182d5,4,7,6,1,2
2023-04-20 14:02:17,2023-04-20 14:02:46,0,100,29,1,2023-04-20 14:02:47,R_PtBRPRNDcTgaAQ9,*******,anonymous,EN,45ea06f507106a1bc40b9adbe77e16f4de67a9ed364b928cc2cf51041b62a82e,5,7,7,1,2
2023-04-26 11:46:39,2023-04-26 11:47:04,0,100,24,1,2023-04-26 11:47:05,R_23ZxOjDQ13DVT8t,*******,anonymous,EN,725a08071af951b158395615e966f571d7aeb3cb1d65fb35b86c8129df3c0b7f,3,9,7,1,2
2023-04-19 16:55:10,2023-04-19 16:56:11,0,100,60,1,2023-04-19 16:56:11,R_1CjbjRdSREdiQXO,*******,anonymous,EN,26dae773a485c132d9154663f2f3faab40270872d1d8d9cb1ab37d046cd72e31,9,5,8,1,1
2023-04-19 11:05:37,2023-04-19 11:05:56,0,100,19,1,2023-04-19 11:05:57,R_3TO1woX7E8mnfxv,*******,anonymous,EN,a316cd8ccb52e9124aa9904c30100e2ec436c8ed878fc56e0a9fed092289aea9,1,5,5,2,2
2023-04-21 06:42:14,2023-04-21 06:43:12,0,100,57,1,2023-04-21 06:43:12,R_3n6MBW3trvddthn,*******,anonymous,EN,264988c7fc0d8e864852610ce8c9371049ec4f408edc8d4d188d5b62dd41a1c8,4,10,8,1,1
2023-04-20 12:20:33,2023-04-20 12:20:58,0,100,24,1,2023-04-20 12:20:58,R_3kzx3m69mj06raF,*******,anonymous,EN,920dc1236b2bce52eba2854e6cee6914e81e8bb3840cf9ead76373c3d05bfcdb,4,8,9,1,2
2023-04-19 09:29:53,2023-04-19 09:30:34,0,100,40,1,2023-04-19 09:30:34,R_31KGkFv2O0xRfbL,*******,anonymous,EN,66a6db5f463f544e3d9e89f4daeeafd9352c8963885fefb4ebb378becaa9e9a1,8,5,4,2,2
2023-04-19 09:50:52,2023-04-19 09:51:12,0,100,19,1,2023-04-19 09:51:12,R_1llR6UQsm2alCKG,*******,anonymous,EN,2993ad8ec02ab3ddc670f9763ccfa57f56a4872469bd6ba37ff8f3211403f2bc,5,4,3,1,1
2023-04-19 11:54:52,2023-04-19 11:55:15,0,100,23,1,2023-04-19 11:55:16,R_31pJsCRZ3vO1FnC,*******,anonymous,EN,5379958e6b1ac42a2f2970ef8573a30d175f5952cff7fa7c44bb7bd7b7ebe1e5,5,7,5,1,2
2023-04-20 12:52:57,2023-04-20 12:53:24,0,100,27,1,2023-04-20 12:53:24,R_3htoum304gLuLXF,*******,anonymous,EN,5211bfa0198682200043811868595523081c403e85762ee94debb47fbc6c3219,7,8,6,1,1
2023-04-19 10:31:37,2023-04-19 10:32:26,0,100,48,1,2023-04-19 10:32:27,R_28LHMrz3ERCXfbj,*******,anonymous,EN,6e7c82cab8d7be5e480d6ee3411b776e17425d6398cf6ddab1a7b7b64569cb18,4,10,8,1,1
2023-04-19 09:27:22,2023-04-19 09:27:52,0,100,30,1,2023-04-19 09:27:53,R_3246DI8haVPAWcR,*******,anonymous,EN,3987c615857edd5c0dd091db195e5d66cf1abd409d0527c44157961dc2ea0c70,3,7,8,1,2
2023-04-19 10:21:24,2023-04-19 10:22:31,0,100,66,1,2023-04-19 10:22:32,R_uvS073ljvqtb9wB,*******,anonymous,EN,da80c6ab9ad9ac3ae33a1edfd4ca1f2234b28adfaa50c5809b161e6f4e9db2f3,6,8,6,1,1
2023-04-19 10:27:16,2023-04-19 10:27:50,0,100,33,1,2023-04-19 10:27:51,R_vHwLSAVucH0CHmh,*******,anonymous,EN,3f44d29ddb999ecd293405309dbca135b0d00a2f7f1b99bbfc72457ded858cff,6,8,7,1,2
2023-04-27 10:17:27,2023-04-27 10:18:47,0,100,79,1,2023-04-27 10:18:47,R_DizhSJcr2eXFr5T,*******,anonymous,EN,14085db295d3be9596dedfd7cb64c2e2fabf6b8420a095418f839c30259e8ef8,1,8,10,1,2
2023-04-19 09:31:17,2023-04-19 09:31:35,0,100,17,1,2023-04-19 09:31:35,R_2EnvS4o4raa5sGn,*******,anonymous,EN,a85ce360b3a1c8dac7a673b6288e8e8f421e7a8a4c61036f29520d9444e89b42,7,3,2,1,2
2023-04-19 16:35:35,2023-04-19 16:36:45,0,100,70,1,2023-04-19 16:36:46,R_1FOF9ZIJX9GHCnF,*******,anonymous,EN,d7d673337f3695e24f7726f9d7a810c8d29401ed6d15eca1d60770ada3d7df1a,2,5,6,2,2
2023-04-20 15:20:03,2023-04-20 15:20:37,0,100,33,1,2023-04-20 15:20:37,R_8xpitvKWSt2hovD,*******,anonymous,EN,5c84418354448a92b61aaa11362733d02e4702565cefdbf19201289420cdf663,7,10,8,1,1
2023-04-19 09:25:06,2023-04-19 09:25:28,0,100,22,1,2023-04-19 09:25:29,R_2Y3AqTSw5wCll1x,*******,anonymous,EN,7900ba3ae01549e15f16ca0a9639d8f9f4ff253b98285f82f63e1afdc301c970,4,6,6,1,2
2023-04-19 09:28:24,2023-04-19 09:28:48,0,100,24,1,2023-04-19 09:28:49,R_12PTy1Imcptsiol,*******,anonymous,EN,a53e374d4c50c3614efec185c1ad8650d26221c42ebae565c10cebaf78637a1a,4,9,9,1,1
2023-04-22 06:05:35,2023-04-22 06:07:17,0,100,101,1,2023-04-22 06:07:18,R_3e45mYDTCi4KsPE,*******,anonymous,EN,59c41438f656c17d1876544c902a6c8e61f8ba5963ee24c1b4d201260883467a,2,10,9,1,2
2023-04-19 09:50:48,2023-04-19 09:51:49,0,100,61,1,2023-04-19 09:51:50,R_3KoVWSVrLM4SvBv,*******,anonymous,EN,3f5cc259fba45f1da16592227588d7f04df818da64e0e2b0535ad8c1b1c4becb,7,7,10,2,2
2023-04-19 23:29:14,2023-04-19 23:30:00,0,100,46,1,2023-04-19 23:30:01,R_3fxbAI5Q9UrMN8Z,*******,anonymous,EN,eb10589e5e18262b6adf6abc9465557525da4a8215a33ae17ac61707bd41a65f,1,1,9,1,1
2023-04-19 11:17:23,2023-04-19 11:17:41,0,100,17,1,2023-04-19 11:17:41,R_33mzujaXgIuLmtT,*******,anonymous,EN,2517ae51ff0c4cbc86045bbf424e62d9b7716242097d2e42f6bd79c6e9dea61d,4,6,6,2,2
2023-04-25 13:39:42,2023-04-25 13:41:23,0,100,101,1,2023-04-25 13:41:24,R_2Tvn6QZyXbnLrkE,*******,anonymous,EN,ca10748272e792e83b5252314dfb6ccf5d1086e7e302a10588ab6619fa1bf7f0,10,8,10,1,1
2023-04-19 20:47:22,2023-04-19 20:51:34,0,100,252,1,2023-04-19 20:51:34,R_55AgVoYD6H0Kdtn,*******,anonymous,EN,f81c8c06594c7efacb6d4d799e6de940b9e31845e04739f57cef140e9812ac26,2,6,4,1,2
2023-04-19 10:40:32,2023-04-19 10:41:20,0,100,48,1,2023-04-19 10:41:22,R_2wymsck474k6lTw,*******,anonymous,EN,b7e03d0ff1b1a2015afd1c43a9377c0b0a11db74c0f01ab98fca5d8cb2ff9c7e,5,6,5,1,1
2023-04-21 07:42:30,2023-04-21 07:43:51,0,100,81,1,2023-04-21 07:43:51,R_22PT51Nn51U9594,*******,anonymous,EN,555052b152455d27964f9de474cc6c31ab3d42b2635d958c6df4b91aa7e1be8c,1,8,9,1,2
2023-04-19 09:55:06,2023-04-19 09:56:17,0,100,70,1,2023-04-19 09:56:18,R_ZCQqxIvDICUoQG5,*******,anonymous,EN,ad80ac81b9edc142afe302fd2b362347054527763e6b935330efd01835dd0e08,7,6,6,1,1
2023-04-19 10:23:21,2023-04-19 10:23:59,0,100,37,1,2023-04-19 10:24:00,R_1dE1odVurq58tfd,*******,anonymous,EN,c3abf0bd1b4cd56197449a6d8aca4c8383cf6869f0a01e62ef386fc9d45eac03,3,7,7,1,2
2023-04-19 18:18:43,2023-04-19 18:19:04,0,100,21,1,2023-04-19 18:19:05,R_11cOTSb3rbKtlAW,*******,anonymous,EN,a19df68a39faf415b5141858c1738a4630420122f2618188d77e70f0097ef790,7,8,8,1,2
2023-04-19 14:18:59,2023-04-19 14:19:23,0,100,24,1,2023-04-19 14:19:24,R_3rUnXRgJ4aOozYV,*******,anonymous,EN,6923bb6be90ffb61c4bc3cb4f2801fa8b08b00d7c92822c276ff8886bff6f254,5,5,5,1,2
2023-04-22 22:55:42,2023-04-22 22:56:29,0,100,46,1,2023-04-22 22:56:30,R_2bNoCOoZuFppqCk,*******,anonymous,EN,c66ed9f333aed70682d43cf25be5929393fdda7ed4bd54ee8ffd314374c68600,5,7,6,1,2
2023-04-21 06:31:27,2023-04-21 06:32:08,0,100,41,1,2023-04-21 06:32:09,R_5ckmEXssVedzD2N,*******,anonymous,EN,c96a2013efd2138eacb765a0f613b594c8876698fe501a7a6b43e62c516a1867,8,9,8,1,1
2023-04-20 16:26:17,2023-04-20 16:27:23,0,100,65,1,2023-04-20 16:27:23,R_3R895UzjoYPa7t4,*******,anonymous,EN,79bbe3f828b51b4ee4904bbe5a542b34106a6e5559aaa94f75de35262e94bce6,1,2,3,1,2
2023-04-19 10:00:04,2023-04-19 10:00:31,0,100,26,1,2023-04-19 10:00:32,R_3nHR2vt5e4GQTwQ,*******,anonymous,EN,d56a3bd4a4956615cf93695292f6b9db165735eae6e53c2038dc1d56f062e14a,1,6,5,2,2
2023-04-19 18:02:54,2023-04-19 18:03:19,0,100,25,1,2023-04-19 18:03:20,R_XttRtvJYULpjPrj,*******,anonymous,EN,656db95331d4821ff09ced8b0ad578419e23b5553db0c6289f1ccc84dde2e0d2,8,6,6,1,1
2023-04-20 13:19:49,2023-04-20 13:20:09,0,100,19,1,2023-04-20 13:20:09,R_3GrYc6L6XiLvnxQ,*******,anonymous,EN,d97cbd29d54f96708a0f75f502cea7c9f41ec64b3f1be4fd0b3e6320b7ab0379,8,7,7,1,1
2023-04-22 14:13:47,2023-04-22 14:14:13,0,100,25,1,2023-04-22 14:14:13,R_3LZrYbafQf6pizc,*******,anonymous,EN,c7d16a31971f80b5d84f302aa61449ef97bc3acea5fcea00597de50839639b0c,8,4,6,1,2
2023-04-19 09:36:18,2023-04-19 09:36:46,0,100,28,1,2023-04-19 09:36:46,R_CgfWo7zprtgZmuJ,*******,anonymous,EN,f42e0c7cfab2f5c56c238b39e4cfcb86513a9f2b0bf66c33d827a154f52ef610,9,6,3,1,2
2023-04-19 10:00:31,2023-04-19 10:02:27,0,100,116,1,2023-04-19 10:02:28,R_3RxSmnEnbTcPnj4,*******,anonymous,EN,67b63a4921d438ccdf37141132c1e71b3ecd602b0ec977389c6de98b05201590,4,9,9,1,1
2023-04-21 18:35:13,2023-04-21 18:35:42,0,100,28,1,2023-04-21 18:35:42,R_3CSYA7b8Fz75UzV,*******,anonymous,EN,054493f23b80048a8f8e2845a4f35ee9948c71043be8642165d37dd6bb80ce59,3,8,7,1,2
2023-04-19 09:48:48,2023-04-19 09:49:12,0,100,24,1,2023-04-19 09:49:13,R_VRxQc9bQBjgdj33,*******,anonymous,EN,be74334e68166a90cae29945b25e3ca1040a6f4b5198f45da76fb327212bcc72,3,4,7,2,2
2023-04-19 12:10:04,2023-04-19 12:15:55,0,100,350,1,2023-04-19 12:15:55,R_1fkOvo5Gf0Ylv2J,*******,anonymous,EN,abcd28e126a888adee8813448e2ac39a3e5e697e6f9d8ea14c3f68e7f4e15ceb,7,7,7,1,1
2023-04-19 18:05:02,2023-04-19 18:12:45,0,100,462,1,2023-04-19 18:12:45,R_2wtyntdxike57zv,*******,anonymous,EN,f67f69c86bfff631f900e0957dfa288cfa526e5e100a937375f7961b5e5c4d5e,7,7,7,1,1
2023-04-24 06:21:00,2023-04-24 06:22:39,0,100,99,1,2023-04-24 06:22:40,R_2wyK3QSKlpLITDN,*******,anonymous,EN,76961dac57d73b4f7e9f8d4ae35956bf47d20811d7e012cba765f6ebb3c09abc,1,10,10,1,1
2023-04-19 11:01:54,2023-04-19 11:02:34,0,100,39,1,2023-04-19 11:02:35,R_2dZvm4JOrj4p6Xu,*******,anonymous,EN,062bed32cd29f55c16d0d8b0d8874de7f913222543eac8c49a34dd5012df59f4,10,6,2,1,1
2023-04-19 09:42:23,2023-04-19 09:43:15,0,100,51,1,2023-04-19 09:43:16,R_3PZjTibmCnITAin,*******,anonymous,EN,2c05c0844d90637a0fb313f49a5cefa114710a3eb3d2e3d932765e58075e1f6e,1,8,8,1,1
2023-04-19 10:47:44,2023-04-19 10:48:26,0,100,42,1,2023-04-19 10:48:27,R_2QMrqmJHHBsMc2D,*******,anonymous,EN,cf80e89612536068c0fc5145c8318e78aafbd8ac4ceb22fffbdf8030bafbd9d1,10,5,1,2,2
2023-04-21 14:30:57,2023-04-21 14:31:31,0,100,34,1,2023-04-21 14:31:31,R_2pRABQIKaTkw3Kn,*******,anonymous,EN,1838059a1b9dfd535a6a06eef85aac50ea221f2f92521460dee6d906381f2543,8,10,6,1,1
2023-04-23 20:08:24,2023-04-23 20:08:57,0,100,32,1,2023-04-23 20:08:57,R_p9KbkN5oKNj2y65,*******,anonymous,EN,529cbed1bc6ea8fcf2d59a61ee2a24be7ab91ff2eab57d2191d8a30a22cbd0d1,1,7,8,1,2
2023-04-19 11:52:44,2023-04-19 11:53:10,0,100,25,1,2023-04-19 11:53:10,R_2B9Tj1Nc8jsYbWA,*******,anonymous,EN,236b5040c6b6d2aa1cefe2a12c8cc25c275f0ae594cf5f398dfbadd0bbc1808b,2,7,10,1,1
2023-04-20 07:14:51,2023-04-20 07:17:03,0,100,132,1,2023-04-20 07:17:04,R_2uJbwI0vCEm0RJK,*******,anonymous,EN,8f906fe13b3a4168a0da18d8c45968e0bff4fe333a95b9f48024700b7a1083b7,1,10,10,1,1
2023-04-19 12:16:44,2023-04-19 12:17:17,0,100,32,1,2023-04-19 12:17:17,R_2sTu2GVw97eapL5,*******,anonymous,EN,14e539841f701bb671d760a0d22f20607a36dbfb4d708a675dc636e376e36214,6,8,7,1,1
2023-04-28 06:52:35,2023-04-28 06:53:16,0,100,40,1,2023-04-28 06:53:16,R_O7J97DQhQYUjAxb,*******,anonymous,EN,f384a2ca2a66aaf73be19763d87297b01da497e7a952e4b73d398014bfcc0d51,2,5,3,1,2
2023-04-19 17:42:50,2023-04-19 17:46:08,0,100,197,1,2023-04-19 17:46:09,R_x9GuZsi2e13gyRj,*******,anonymous,EN,cf4641349653dd1dc4bb9f7d4520fcced6616b86ffed36f266a7d5500ae7bd7f,8,7,8,1,1
2023-04-19 17:29:19,2023-04-19 17:35:38,0,100,379,1,2023-04-19 17:35:38,R_1g0gP30SovRzOES,*******,anonymous,EN,a823287d13b1f316ed016b705d4414b8d338a09f4f6da1436c15957cac44239c,7,7,7,1,1
2023-04-20 03:28:38,2023-04-20 03:29:13,0,100,34,1,2023-04-20 03:29:13,R_2xxcFjMeJZlM3tN,*******,anonymous,EN,e6e0f793c90eb5c98751cd0f676d7f935e0f9c6c982c85d4d2296c586f02b2cf,5,6,4,2,2
2023-04-19 09:18:12,2023-04-19 09:18:49,0,100,37,1,2023-04-19 09:18:50,R_yPg8RsjEtLS2udP,*******,anonymous,EN,9510de57ebfd33d3483cff6004c3ce164c96dfdc5ae78ebb9bb7d19cb5e1b34e,1,10,7,1,1
2023-04-19 10:14:05,2023-04-19 10:14:40,0,100,35,1,2023-04-19 10:14:40,R_3hgabVb6QOFxZAX,*******,anonymous,EN,118a0f9a5b0264a464e44f8f7c1ad39ddf24aebc5ecefaf0854408e123619ed1,3,4,8,1,2
2023-04-19 09:18:33,2023-04-19 09:18:52,0,100,19,1,2023-04-19 09:18:53,R_2tlD4j9SLfnTmc4,*******,anonymous,EN,50c67874ba7022aa9b6e4ded6e25a1904d08ec9f82824fd61fa51ab04f4f051b,1,8,6,1,1
2023-04-20 09:51:12,2023-04-20 09:51:47,0,100,35,1,2023-04-20 09:51:48,R_3jYvUWjtvEuTdIc,*******,anonymous,EN,542b3b3b75a067f2a930f419244caeb4009ff27311f722adb078f63978ecc75a,3,5,5,2,2
2023-04-26 04:34:32,2023-04-26 04:37:05,0,100,153,1,2023-04-26 04:37:06,R_27TZIhnj4KDBRSK,*******,anonymous,EN,28a0cfcdc08ad13726a7afad63f8ca8aaea99b913b384d8ad37d04b1d8e4f931,7,8,8,1,1
2023-04-19 09:21:43,2023-04-19 09:26:16,0,100,273,1,2023-04-19 09:26:17,R_27dQkVhzlhKYfFY,*******,anonymous,EN,c6b4f7b95d589dfbcd89c763b8ab3a2802ddf8c57679affa7fc4947438e870a6,7,10,7,1,1
2023-04-19 20:52:31,2023-04-19 20:53:06,0,100,34,1,2023-04-19 20:53:06,R_1Ka9X0Oc6ZizyCM,*******,anonymous,EN,fe0c9fb2868c79ab92ce9837e3924b356ccf1419a9699538e36f1c4193feda3e,10,1,3,1,2
2023-04-19 09:22:15,2023-04-19 09:23:08,0,100,53,1,2023-04-19 09:23:09,R_2PppHpgk502hkni,*******,anonymous,EN,6c92e64630c700519f5e34e1ce2c4d506efff00e085a2c6512d05c5e437b311b,5,7,10,1,2
2023-04-19 09:25:21,2023-04-19 09:26:00,0,100,38,1,2023-04-19 09:26:00,R_3fWdeLgcJc87MKG,*******,anonymous,EN,31c46d3bebe2c40aa706e39c7d512d95974ebbbb88d6bc1b03999fe46a8313f5,7,9,6,1,2
2023-04-21 05:21:03,2023-04-21 05:23:15,0,100,131,1,2023-04-21 05:23:15,R_3HFGqu9x8RXVx0l,*******,anonymous,EN,a5d39b3d70f6b299b0e71ba3912f4174ebc8819bc0f8e368def8313b159b816a,10,10,10,1,1
2023-04-21 05:23:21,2023-04-21 05:24:19,0,100,57,1,2023-04-21 05:24:19,R_1LIPfsJAtAVPSzk,*******,anonymous,EN,ee13ee3ccb3666c083b24f01610eae36cf6ed1a1e3c1444fc36e885367d954ee,10,10,10,1,1
2023-04-19 10:57:34,2023-04-19 10:57:48,0,100,13,1,2023-04-19 10:57:49,R_2AQMPqGmffDueCN,*******,anonymous,EN,267f1db074bbaac0aae0f8941a61bb51df52b0b26f80270b8072119dfd19b262,8,7,8,1,1
2023-04-19 09:46:11,2023-04-19 09:47:05,0,100,54,1,2023-04-19 09:47:06,R_3MLn9mUTmhJPHpr,*******,anonymous,EN,d7832850b28462552c235109fac3ca2c7729ec9bfb1c299df777c7dcc10d6137,6,5,5,1,1
2023-04-22 12:50:49,2023-04-22 12:54:04,0,100,194,1,2023-04-22 12:54:04,R_1LUNxRoyIeakQut,*******,anonymous,EN,b226bed67f3f59688ca8e3d3b648f7f0cfaedc0ada36ce2b636ec7766a2f4f76,6,5,7,1,1
2023-04-19 09:19:02,2023-04-19 09:19:23,0,100,20,1,2023-04-19 09:19:24,R_32RAHnNP9wj77tj,*******,anonymous,EN,80bdc6e33675137f4bd073efb73c916f23e2c1fa4ba0fc1b80d97f0ed847e0fb,9,2,5,1,2
2023-04-19 09:29:54,2023-04-19 09:30:19,0,100,24,1,2023-04-19 09:30:20,R_Y3kYUVy2oIxQ6D7,*******,anonymous,EN,0bc954c4681593358f211a91a0e51ccfec47a0c358ff612ea5dcd3f0a7dba1bb,9,7,2,1,1
2023-04-19 11:55:51,2023-04-19 11:56:11,0,100,19,1,2023-04-19 11:56:11,R_2dzsGhPJvPxPls5,*******,anonymous,EN,a298493d6c52e61061642c23f2131e1a74c30a81d809b1e23926ac5014a12ce6,3,6,6,1,2
2023-04-24 12:10:35,2023-04-24 12:10:58,0,100,23,1,2023-04-24 12:10:58,R_3EuHAvplzizgVVM,*******,anonymous,EN,5b6f1b58eae38d303da2884a0300a2dac614c509e8d4f5ba1a79aa12fbe52251,6,7,8,1,1
2023-04-21 08:43:30,2023-04-21 08:44:07,0,100,37,1,2023-04-21 08:44:08,R_bqPbFPytExpBk1H,*******,anonymous,EN,0091af143849d9b6fb0d40341fc0c9aeaf65ea52d89377571b0579864d0b507e,1,5,6,1,2
2023-04-19 09:39:33,2023-04-19 09:39:52,0,100,19,1,2023-04-19 09:39:53,R_2U9LfRQkraVqRGx,*******,anonymous,EN,d674bfc32f3efaea8a60751c4163a7ba01159a0d56b4366e5442a70e90cea41b,3,7,8,1,2
2023-04-19 10:14:53,2023-04-19 10:15:25,0,100,32,1,2023-04-19 10:15:25,R_2OHzpvWOnsXTj1a,*******,anonymous,EN,8ebaf9e8715b64d804cfe4f9202cb9fdd3039965e16e91daaf4facc1cb7cd5a0,1,1,5,1,2
2023-04-22 14:59:26,2023-04-22 15:00:06,0,100,40,1,2023-04-22 15:00:07,R_1EWYnToCzdRcAii,*******,anonymous,EN,213f0a70c5629fe9ef1032c41c0333210e29387d07542cceec7a98d370eb97b4,5,7,5,1,1
2023-04-19 09:19:09,2023-04-19 09:26:35,0,100,445,1,2023-04-19 09:26:36,R_2yf6fwAnqucftrc,*******,anonymous,EN,568a11f65c13bcfb3049a904d27091c5efc538153bf9b4380e63c48452f9198c,10,5,1,1,1
2023-04-19 09:55:28,2023-04-19 09:57:43,0,100,134,1,2023-04-19 09:57:44,R_PYY38WEOyf3tf9L,*******,anonymous,EN,5a642f6fa56d7f756d9a18c420de68ac4e402a158b397597636da9741fa73007,5,5,6,1,2
2023-04-21 10:08:25,2023-04-21 10:09:06,0,100,40,1,2023-04-21 10:09:06,R_2f3xdIARZfYFMLF,*******,anonymous,EN,a5d94465ea080baf446a3052ac976e6736f68610cbecae610be4fcd88d361a05,2,8,9,1,1
2023-04-19 16:51:28,2023-04-19 16:52:00,0,100,31,1,2023-04-19 16:52:00,R_10I9ZTgWUu2qmMa,*******,anonymous,EN,0119c04f16605c1651b00fd8530fb3b394ffa42d18ab51b65a9fac69e97177cf,8,9,5,2,2
2023-04-20 06:45:49,2023-04-20 06:46:16,0,100,27,1,2023-04-20 06:46:17,R_3LjUdtLSLT53PQT,*******,anonymous,EN,20035062d2ac96c64eb6275629d7c909576e7f43d7f1f58bae96ae7793e15fa8,6,6,6,1,1
2023-04-20 15:12:56,2023-04-20 15:13:14,0,100,18,1,2023-04-20 15:13:15,R_3n30No1H8St6KL8,*******,anonymous,EN,f746483a70339b48c13ece7953a3417d82eddd68e094a8f104c6cd8418e50c2f,8,6,5,1,1
2023-04-19 10:38:17,2023-04-19 10:38:47,0,100,29,1,2023-04-19 10:38:47,R_3DhH1Hr8rA39trq,*******,anonymous,EN,cb2c8258e69900f32d39c22bbb23e03db22229b5b052565fb5b688a32ee2cdad,8,5,2,1,2
2023-04-20 09:00:21,2023-04-20 09:00:47,0,100,25,1,2023-04-20 09:00:48,R_3rPzJfl2lfK5QTe,*******,anonymous,EN,1927d596d83ef4ff140f896030f886d83776d8cbac48c975afe5d0d1480c863c,6,3,2,2,2
2023-04-21 03:17:20,2023-04-21 03:18:07,0,100,46,1,2023-04-21 03:18:07,R_yO8dk8emubIj7pf,*******,anonymous,EN,a22421ca1d33f09886e54f94f059578a3eb7ed880c016fa8df6ed13d7fb3c308,8,8,8,1,1
2023-04-19 12:17:11,2023-04-19 12:18:08,0,100,56,1,2023-04-19 12:18:08,R_2y45CXvFrSaViBS,*******,anonymous,EN,a2e2f21dd0a3486bb585f0abc3ea160105cb932c28adbac3e73f9ce9bc927040,1,8,8,1,2
2023-04-19 09:32:58,2023-04-19 09:33:26,0,100,28,1,2023-04-19 09:33:31,R_2zjytDh9eSL2FY4,*******,anonymous,EN,2567d748778a84374236389f8069507a9cd3bd54cdf51384680d6b4f8b58569b,1,4,5,2,2
2023-04-19 09:38:06,2023-04-19 09:38:37,0,100,31,1,2023-04-19 09:38:37,R_3Gj0d8V48Vt6Ymo,*******,anonymous,EN,6571c0e4d3ceed33fbdfe88b6a3587b209abe7f04a6a0b4cff32c10eb825455b,10,9,3,1,1
2023-04-19 18:50:31,2023-04-19 18:51:16,0,100,44,1,2023-04-19 18:51:16,R_3HSMBjrCmc5L1vA,*******,anonymous,EN,029f365338b2a7ffb3f091765b5d8b2a60f9757ea0dd516859f5b14ae7fd797a,7,8,8,2,2
2023-04-19 09:20:47,2023-04-19 09:21:54,0,100,66,1,2023-04-19 09:21:55,R_1ddihwVl2xg2a3P,*******,anonymous,EN,ad3f4cd6a3b1e3afbd54f5fceabd3d284cfd4ef2be3f884c974eb3318c115bae,6,6,6,1,1
2023-04-19 12:15:14,2023-04-19 12:15:49,0,100,35,1,2023-04-19 12:15:50,R_2xXCIaiaXHMqKTW,*******,anonymous,EN,bb1987df015691a04a8976d6292a89bba7b07b4c8569a96260b4d0831e04f71b,8,6,8,1,1
2023-04-19 11:41:58,2023-04-19 11:42:31,0,100,32,1,2023-04-19 11:42:31,R_1GIdxGeIxDrKybz,*******,anonymous,EN,a8ca3672fc42c7394b566b0957c4f81adc9c820873ac472a9ecd43f98a3a1035,1,8,8,1,2
2023-04-19 09:33:03,2023-04-19 09:33:39,0,100,35,1,2023-04-19 09:33:40,R_231CncLNdaML7q1,*******,anonymous,EN,2baaf3a40627effe4e0ce6db9c3b64114a5e500a91a52581ca44d5886fb13d2e,2,7,4,1,2
2023-04-19 11:15:46,2023-04-19 11:16:10,0,100,23,1,2023-04-19 11:16:11,R_C4zFjWSNMOYROP7,*******,anonymous,EN,4f7bdbc72184cf1a91d4e2b753a36bd149023fb8cb1bb590c21d2f7674be74a9,8,4,8,1,1
2023-04-19 10:48:17,2023-04-19 10:49:06,0,100,48,1,2023-04-19 10:49:07,R_1n9HRNgeqr3Arjy,*******,anonymous,EN,a34781bc96e37c08352b043cec07ee7435c1dd6820f580ff56a02e6013a3ae7b,8,4,9,1,1
2023-04-19 10:46:13,2023-04-19 10:46:43,0,100,29,1,2023-04-19 10:46:44,R_3KrwT1lnH6ki4V0,*******,anonymous,EN,0def0286122a11be5e0a4f2a8c3e85d8b6cf51a5d6240720bbdf1fe0999e583a,7,8,6,1,2
2023-04-19 10:59:42,2023-04-19 11:00:12,0,100,29,1,2023-04-19 11:00:12,R_2rGDYzFkgpAuOxE,*******,anonymous,EN,4ec93e0c5f57dd2e5a983c29cbce0806db52bd43c152008d682cd2ce06f27cdc,1,10,10,1,1
2023-04-19 10:48:49,2023-04-19 10:50:36,0,100,106,1,2023-04-19 10:50:37,R_1kG5DJsoo0bWuza,*******,anonymous,EN,50b9046f5fe0c6d844ceb2d96f2fe7583b4a598aa752ef4a24db3e74fce3af61,1,10,10,1,1
2023-04-26 16:20:19,2023-04-26 16:20:53,0,100,33,1,2023-04-26 16:20:54,R_3hA46ibfAfYH9gr,*******,anonymous,EN,dcffbb4f307e1f6a97900bd8fed2efc5260dfe987fbe71015f5eee9ae5a1d782,3,9,8,1,2
2023-04-22 16:39:48,2023-04-22 16:40:15,0,100,27,1,2023-04-22 16:40:16,R_1dKLCHaYwvG9HHJ,*******,anonymous,EN,01a1d3640cf0c927eefb1e3b166eec7ba2cc1fb25844b49dd1b4935f839a53d1,1,1,6,2,2
2023-04-19 09:54:05,2023-04-19 09:54:38,0,100,33,1,2023-04-19 09:54:39,R_cvjdboPahXHiiWJ,*******,anonymous,EN,0bdb0e3a90f748cbf6ad7734cd355e7eb679da6668f635fc1221866f27d0d5b3,4,6,6,1,2
2023-04-19 15:58:49,2023-04-19 15:59:03,0,100,14,1,2023-04-19 15:59:04,R_eDmPbgxgpJ3Wf17,*******,anonymous,EN,581228ce5c3e787845a65d7083df0ec2d49c7eabfbac3d49d8e9b5beee8192d1,5,5,5,1,2
2023-04-19 09:58:10,2023-04-19 09:58:42,0,100,31,1,2023-04-19 09:58:43,R_2U5dLWifqiZtrQ7,*******,anonymous,EN,80cdfd4516291484925f06d2a63b88a094f2d4d58c9492f462ae41d259745aae,2,1,3,1,2
2023-04-19 11:23:57,2023-04-19 11:24:19,0,100,21,1,2023-04-19 11:24:20,R_zYH0PJYzpHHAtl7,*******,anonymous,EN,b23f3e88e68a10a332a8e7eee939b578597cf799ea2219c56b47af2b344ff149,1,10,10,1,2
2023-04-20 19:05:47,2023-04-20 19:06:21,0,100,33,1,2023-04-20 19:06:22,R_3KDBes1iV4Epufh,*******,anonymous,EN,a99de1a8f202110ac2b7a41b54fed5bcc8d9b7f514bb9eb07950d3b4579b35b1,1,8,10,1,1
2023-04-26 12:05:32,2023-04-26 12:13:44,0,100,491,1,2023-04-26 12:13:45,R_PtGEBRew1TkUbTz,*******,anonymous,EN,84ed3e657053319a64c4aad35726b243cdce65836b7c51a28e132e9f30abdd03,1,10,8,1,1
2023-04-19 16:55:48,2023-04-19 16:56:28,0,100,40,1,2023-04-19 16:56:29,R_3HOF4y7fbrgRLzI,*******,anonymous,EN,8c789f799828a39e17673dfe411ddd43f289a4090b11e453560a3befe1d15aa2,4,8,7,1,2
2023-04-20 09:01:35,2023-04-20 09:02:15,0,100,40,1,2023-04-20 09:02:16,R_3HH9lMAofujcnHK,*******,anonymous,EN,e7578796530238d0c4ff87fede2b45b4a2db9ae7775d2894e2e5d8dfbf01e113,2,4,6,1,2
2023-04-19 09:47:25,2023-04-19 09:48:04,0,100,38,1,2023-04-19 09:48:05,R_1U1aLJbE4lUJbVf,*******,anonymous,EN,79c36d19405a611a2e3f5e9fe5c7d129dc38dbdc6210a6010241e76104d9f02d,7,7,7,1,1
2023-04-19 12:12:02,2023-04-19 12:12:20,0,100,17,1,2023-04-19 12:12:21,R_QlWmV65ftzNZTBD,*******,anonymous,EN,1a067c0c6b3bb5e476eb95ddbcbd25d28ea8d1b2cb81ea0fcd24310345c27ac9,6,6,6,1,2
2023-04-19 09:27:10,2023-04-19 09:27:42,0,100,31,1,2023-04-19 09:27:43,R_1kTxGY5MRXelzr1,*******,anonymous,EN,e39d213243fabdeca7c90c2b02f0b47d06ce7863d9ab13181d660e88b65d3e29,8,8,7,1,1
2023-04-19 09:25:40,2023-04-19 09:25:59,0,100,19,1,2023-04-19 09:26:00,R_2YXTn0aMr1Zo64k,*******,anonymous,EN,24c9f219cd3f39199a2b438e2e4dc2edcfe816b37d6ad8c7e3dc4c5143c131ca,7,10,10,1,1
2023-04-20 07:26:07,2023-04-20 07:27:42,0,100,95,1,2023-04-20 07:27:43,R_RK9pU5jwbRcajHX,*******,anonymous,EN,44d3038edf9b1aa5b4b91daf76ecc68a51d2bd9e4030ade1031436bf1e0accfa,1,10,10,1,1
2023-04-26 06:19:09,2023-04-26 06:19:41,0,100,32,1,2023-04-26 06:19:42,R_86OrDtfH7VGfnR7,*******,anonymous,EN,2467da8df8ac56cb9025b538cafdf835814d03ddd7191c9f905e07b013e96876,1,10,10,1,1
2023-04-19 10:45:20,2023-04-19 10:45:50,0,100,29,1,2023-04-19 10:45:50,R_1OIGu0Yyklj2SAM,*******,anonymous,EN,a516f804aea5f7e504bf07353449d5a79c6085caa976925ecd6a7635a6a6e440,5,5,7,1,1
2023-04-27 21:42:15,2023-04-27 21:42:34,0,100,18,1,2023-04-27 21:42:34,R_10GWG2eumRL2dA7,*******,anonymous,EN,5ac105287f1b812ecb542ec104077ae5e1fdb4deb76d3918ee27dd9e859a5a3c,6,5,4,1,1
2023-04-24 18:55:41,2023-04-24 18:56:01,0,100,20,1,2023-04-24 18:56:02,R_2fIeJxDP6MDlgR7,*******,anonymous,EN,ef87a1a4e8768aa829ad337a207322abc8ff150bebcee159e5ddff1a2d598638,1,7,10,1,1
2023-04-19 08:55:55,2023-04-19 08:56:14,0,100,19,1,2023-04-19 08:56:15,R_3WAq3Sx2wNvcpQl,*******,anonymous,EN,,7,9,9,1,1
